cumulative_attempts	attempts	complete	unchanged	same_edge	self_loop	duplicate	undirected_duplicate	excluded	metaedge	abbrev	permutation
3606	3607	0.10001	0.41134	0.00055448	0	0.082617	0	0	Gene - participates - Cancer-Hallmarks	GpH	1
7212	3606	0.2	0.19506	0	0	0.095119	0	0	Gene - participates - Cancer-Hallmarks	GpH	1
10818	3606	0.29999	0.10855	0	0	0.090405	0	0	Gene - participates - Cancer-Hallmarks	GpH	1
14424	3606	0.39997	0.07334	0.00027732	0	0.079312	0	0	Gene - participates - Cancer-Hallmarks	GpH	1
18030	3606	0.49996	0.064328	0	0	0.082363	0	0	Gene - participates - Cancer-Hallmarks	GpH	1
21636	3606	0.59994	0.061278	0	0	0.084581	0	0	Gene - participates - Cancer-Hallmarks	GpH	1
25242	3606	0.69993	0.060446	0.00055463	0	0.079867	0	0	Gene - participates - Cancer-Hallmarks	GpH	1
28848	3606	0.79992	0.051574	0	0	0.089018	0	0	Gene - participates - Cancer-Hallmarks	GpH	1
32454	3606	0.8999	0.054901	0.00027732	0	0.097892	0	0	Gene - participates - Cancer-Hallmarks	GpH	1
36060	3606	0.99989	0.057535	0.00027732	0	0.080422	0	0	Gene - participates - Cancer-Hallmarks	GpH	1
36064	4	1	0.057535	0	0	0	0	0	Gene - participates - Cancer-Hallmarks	GpH	1
20522	20523	0.1	0.43626	9.7452e-05	0	0.13395	0	0	Gene - participates - Computational-Gene-Sets-CGN	GpC4-CGN	1
41044	20522	0.2	0.21898	9.7456e-05	0	0.13464	0	0	Gene - participates - Computational-Gene-Sets-CGN	GpC4-CGN	1
61566	20522	0.3	0.13339	0	0	0.13259	0	0	Gene - participates - Computational-Gene-Sets-CGN	GpC4-CGN	1
82088	20522	0.4	0.098333	0	0	0.13025	0	0	Gene - participates - Computational-Gene-Sets-CGN	GpC4-CGN	1
102610	20522	0.5	0.085932	4.8728e-05	0	0.13571	0	0	Gene - participates - Computational-Gene-Sets-CGN	GpC4-CGN	1
123132	20522	0.6	0.080377	4.8728e-05	0	0.1321	0	0	Gene - participates - Computational-Gene-Sets-CGN	GpC4-CGN	1
143654	20522	0.7	0.076089	0	0	0.13356	0	0	Gene - participates - Computational-Gene-Sets-CGN	GpC4-CGN	1
164176	20522	0.8	0.077673	0	0	0.13113	0	0	Gene - participates - Computational-Gene-Sets-CGN	GpC4-CGN	1
184698	20522	0.9	0.077064	0	0	0.12957	0	0	Gene - participates - Computational-Gene-Sets-CGN	GpC4-CGN	1
205219	20521	1	0.077648	0	0	0.12962	0	0	Gene - participates - Computational-Gene-Sets-CGN	GpC4-CGN	1
23528	23529	0.1	0.43413	0.0001275	0	0.13226	0	0	Gene - participates - Computational-Gene-Sets-CM	GpC4-CM	1
47056	23528	0.2	0.21627	4.2503e-05	0	0.13325	0	0	Gene - participates - Computational-Gene-Sets-CM	GpC4-CM	1
70584	23528	0.3	0.12912	0	0	0.12929	0	0	Gene - participates - Computational-Gene-Sets-CM	GpC4-CM	1
94112	23528	0.4	0.096861	4.2503e-05	0	0.13108	0	0	Gene - participates - Computational-Gene-Sets-CM	GpC4-CM	1
117640	23528	0.49999	0.084685	0	0	0.13121	0	0	Gene - participates - Computational-Gene-Sets-CM	GpC4-CM	1
141168	23528	0.59999	0.079244	0	0	0.13206	0	0	Gene - participates - Computational-Gene-Sets-CM	GpC4-CM	1
164696	23528	0.69999	0.07663	4.2503e-05	0	0.12623	0	0	Gene - participates - Computational-Gene-Sets-CM	GpC4-CM	1
188224	23528	0.79999	0.076885	0	0	0.13231	0	0	Gene - participates - Computational-Gene-Sets-CM	GpC4-CM	1
211752	23528	0.89999	0.074378	0	0	0.13129	0	0	Gene - participates - Computational-Gene-Sets-CM	GpC4-CM	1
235280	23528	0.99998	0.076184	0	0	0.13002	0	0	Gene - participates - Computational-Gene-Sets-CM	GpC4-CM	1
235284	4	1	0.076205	0	0	0	0	0	Gene - participates - Computational-Gene-Sets-CM	GpC4-CM	1
161253	161254	0.1	0.39906	6.2014e-06	0	0.06326	0	0	Gene - participates - Curated-Gene-Sets-CPG	GpC2-CPG	1
322506	161253	0.2	0.17246	0	0	0.065363	0	0	Gene - participates - Curated-Gene-Sets-CPG	GpC2-CPG	1
483759	161253	0.3	0.084718	0	0	0.065512	0	0	Gene - participates - Curated-Gene-Sets-CPG	GpC2-CPG	1
645012	161253	0.4	0.051862	6.2014e-06	0	0.065357	0	0	Gene - participates - Curated-Gene-Sets-CPG	GpC2-CPG	1
806265	161253	0.5	0.039227	0	0	0.066678	0	0	Gene - participates - Curated-Gene-Sets-CPG	GpC2-CPG	1
967518	161253	0.6	0.03435	0	0	0.065388	0	0	Gene - participates - Curated-Gene-Sets-CPG	GpC2-CPG	1
1128771	161253	0.7	0.032759	0	0	0.066163	0	0	Gene - participates - Curated-Gene-Sets-CPG	GpC2-CPG	1
1290024	161253	0.8	0.032278	0	0	0.06527	0	0	Gene - participates - Curated-Gene-Sets-CPG	GpC2-CPG	1
1451277	161253	0.9	0.031748	0	0	0.067007	0	0	Gene - participates - Curated-Gene-Sets-CPG	GpC2-CPG	1
1612530	161253	1	0.031807	0	0	0.06625	0	0	Gene - participates - Curated-Gene-Sets-CPG	GpC2-CPG	1
1612534	4	1	0.03181	0	0	0	0	0	Gene - participates - Curated-Gene-Sets-CPG	GpC2-CPG	1
17598	17599	0.1	0.42785	0	0	0.12018	0	0	Gene - participates - Curated-Gene-Sets-REACTOME	GpC2-CP-REACTOME	1
35196	17598	0.2	0.20749	0	0	0.13308	0	0	Gene - participates - Curated-Gene-Sets-REACTOME	GpC2-CP-REACTOME	1
52794	17598	0.3	0.12206	0	0	0.13359	0	0	Gene - participates - Curated-Gene-Sets-REACTOME	GpC2-CP-REACTOME	1
70392	17598	0.39999	0.086826	5.6825e-05	0	0.13058	0	0	Gene - participates - Curated-Gene-Sets-REACTOME	GpC2-CP-REACTOME	1
87990	17598	0.49999	0.070375	5.6825e-05	0	0.1303	0	0	Gene - participates - Curated-Gene-Sets-REACTOME	GpC2-CP-REACTOME	1
105588	17598	0.59999	0.065972	5.6825e-05	0	0.12973	0	0	Gene - participates - Curated-Gene-Sets-REACTOME	GpC2-CP-REACTOME	1
123186	17598	0.69999	0.063159	0	0	0.12916	0	0	Gene - participates - Curated-Gene-Sets-REACTOME	GpC2-CP-REACTOME	1
140784	17598	0.79998	0.060517	0	0	0.13064	0	0	Gene - participates - Curated-Gene-Sets-REACTOME	GpC2-CP-REACTOME	1
158382	17598	0.89998	0.061681	0	0	0.13405	0	0	Gene - participates - Curated-Gene-Sets-REACTOME	GpC2-CP-REACTOME	1
175980	17598	0.99998	0.059863	0	0	0.127	0	0	Gene - participates - Curated-Gene-Sets-REACTOME	GpC2-CP-REACTOME	1
175984	4	1	0.059863	0	0	0.25	0	0	Gene - participates - Curated-Gene-Sets-REACTOME	GpC2-CP-REACTOME	1
189702	189703	0.1	0.42434	0	0	0.1142	0	0	Gene - participates - GO-Gene-Sets-BP	GpC5-BP	1
379404	189702	0.2	0.20127	5.2714e-06	0	0.11573	0	0	Gene - participates - GO-Gene-Sets-BP	GpC5-BP	1
569106	189702	0.3	0.11334	0	0	0.11749	0	0	Gene - participates - GO-Gene-Sets-BP	GpC5-BP	1
758808	189702	0.4	0.079206	5.2714e-06	0	0.1168	0	0	Gene - participates - GO-Gene-Sets-BP	GpC5-BP	1
948510	189702	0.5	0.065318	0	0	0.11703	0	0	Gene - participates - GO-Gene-Sets-BP	GpC5-BP	1
1138212	189702	0.6	0.059678	0	0	0.11674	0	0	Gene - participates - GO-Gene-Sets-BP	GpC5-BP	1
1327914	189702	0.7	0.058286	0	0	0.11759	0	0	Gene - participates - GO-Gene-Sets-BP	GpC5-BP	1
1517616	189702	0.8	0.058138	1.0543e-05	0	0.11592	0	0	Gene - participates - GO-Gene-Sets-BP	GpC5-BP	1
1707318	189702	0.9	0.056966	0	0	0.11804	0	0	Gene - participates - GO-Gene-Sets-BP	GpC5-BP	1
1897020	189702	1	0.056879	0	0	0.11749	0	0	Gene - participates - GO-Gene-Sets-BP	GpC5-BP	1
1897024	4	1	0.056873	0	0	0	0	0	Gene - participates - GO-Gene-Sets-BP	GpC5-BP	1
29943	29944	0.1	0.43236	3.3396e-05	0	0.1239	0	0	Gene - participates - GO-Gene-Sets-CC	GpC5-CC	1
59886	29943	0.2	0.20752	0	0	0.1224	0	0	Gene - participates - GO-Gene-Sets-CC	GpC5-CC	1
89829	29943	0.3	0.12335	0	0	0.12614	0	0	Gene - participates - GO-Gene-Sets-CC	GpC5-CC	1
119772	29943	0.4	0.087031	3.3397e-05	0	0.12253	0	0	Gene - participates - GO-Gene-Sets-CC	GpC5-CC	1
149715	29943	0.49999	0.075158	3.3397e-05	0	0.12571	0	0	Gene - participates - GO-Gene-Sets-CC	GpC5-CC	1
179658	29943	0.59999	0.068646	0	0	0.1244	0	0	Gene - participates - GO-Gene-Sets-CC	GpC5-CC	1
209601	29943	0.69999	0.066024	3.3397e-05	0	0.12818	0	0	Gene - participates - GO-Gene-Sets-CC	GpC5-CC	1
239544	29943	0.79999	0.065323	0	0	0.12701	0	0	Gene - participates - GO-Gene-Sets-CC	GpC5-CC	1
269487	29943	0.89999	0.066575	0	0	0.12467	0	0	Gene - participates - GO-Gene-Sets-CC	GpC5-CC	1
299430	29943	0.99999	0.066074	0	0	0.12487	0	0	Gene - participates - GO-Gene-Sets-CC	GpC5-CC	1
299434	4	1	0.066091	0	0	0.25	0	0	Gene - participates - GO-Gene-Sets-CC	GpC5-CC	1
33781	33782	0.1	0.40578	0	0	0.074507	0	0	Gene - participates - GO-Gene-Sets-MF	GpC5-MF	1
67562	33781	0.2	0.18228	0	0	0.07821	0	0	Gene - participates - GO-Gene-Sets-MF	GpC5-MF	1
101343	33781	0.3	0.093292	2.9602e-05	0	0.076108	0	0	Gene - participates - GO-Gene-Sets-MF	GpC5-MF	1
135124	33781	0.4	0.059249	0	0	0.076463	0	0	Gene - participates - GO-Gene-Sets-MF	GpC5-MF	1
168905	33781	0.5	0.048089	0	0	0.076522	0	0	Gene - participates - GO-Gene-Sets-MF	GpC5-MF	1
202686	33781	0.6	0.041651	0	0	0.076522	0	0	Gene - participates - GO-Gene-Sets-MF	GpC5-MF	1
236467	33781	0.7	0.03838	2.9602e-05	0	0.079631	0	0	Gene - participates - GO-Gene-Sets-MF	GpC5-MF	1
270248	33781	0.8	0.039149	2.9602e-05	0	0.074953	0	0	Gene - participates - GO-Gene-Sets-MF	GpC5-MF	1
304029	33781	0.9	0.03909	5.9205e-05	0	0.077174	0	0	Gene - participates - GO-Gene-Sets-MF	GpC5-MF	1
337809	33780	1	0.039105	0	0	0.075459	0	0	Gene - participates - GO-Gene-Sets-MF	GpC5-MF	1
443290	443291	0.1	0.38463	0	0	0.032859	0	0	Gene - participates - Immunologic-Gene-Sets	GpC7	1
886580	443290	0.2	0.1543	0	0	0.032757	0	0	Gene - participates - Immunologic-Gene-Sets	GpC7	1
1329870	443290	0.3	0.068109	2.2559e-06	0	0.032471	0	0	Gene - participates - Immunologic-Gene-Sets	GpC7	1
1773160	443290	0.4	0.035881	0	0	0.033024	0	0	Gene - participates - Immunologic-Gene-Sets	GpC7	1
2216450	443290	0.5	0.024056	2.2559e-06	0	0.033037	0	0	Gene - participates - Immunologic-Gene-Sets	GpC7	1
2659740	443290	0.6	0.019555	2.2559e-06	0	0.033091	0	0	Gene - participates - Immunologic-Gene-Sets	GpC7	1
3103030	443290	0.7	0.017854	0	0	0.033112	0	0	Gene - participates - Immunologic-Gene-Sets	GpC7	1
3546320	443290	0.8	0.017159	2.2559e-06	0	0.033078	0	0	Gene - participates - Immunologic-Gene-Sets	GpC7	1
3989610	443290	0.9	0.016822	0	0	0.032827	0	0	Gene - participates - Immunologic-Gene-Sets	GpC7	1
4432900	443290	1	0.016539	2.2559e-06	0	0.033177	0	0	Gene - participates - Immunologic-Gene-Sets	GpC7	1
4432904	4	1	0.016539	0	0	0	0	0	Gene - participates - Immunologic-Gene-Sets	GpC7	1
16287	16288	0.10001	0.44066	0.00018418	0	0.1363	0	0	Gene - participates - Motif-Gene-Sets-MIR	GpC3-MIR	1
32574	16287	0.20001	0.21929	0.0001228	0	0.1441	0	0	Gene - participates - Motif-Gene-Sets-MIR	GpC3-MIR	1
48861	16287	0.30001	0.13259	6.1399e-05	0	0.14355	0	0	Gene - participates - Motif-Gene-Sets-MIR	GpC3-MIR	1
65148	16287	0.40001	0.096826	6.1399e-05	0	0.13882	0	0	Gene - participates - Motif-Gene-Sets-MIR	GpC3-MIR	1
81435	16287	0.50001	0.082888	0	0	0.14214	0	0	Gene - participates - Motif-Gene-Sets-MIR	GpC3-MIR	1
97722	16287	0.60001	0.077424	6.1399e-05	0	0.14601	0	0	Gene - participates - Motif-Gene-Sets-MIR	GpC3-MIR	1
114009	16287	0.70001	0.076441	0	0	0.14042	0	0	Gene - participates - Motif-Gene-Sets-MIR	GpC3-MIR	1
130296	16287	0.80001	0.074998	0	0	0.14496	0	0	Gene - participates - Motif-Gene-Sets-MIR	GpC3-MIR	1
146583	16287	0.90001	0.076165	0	0	0.14551	0	0	Gene - participates - Motif-Gene-Sets-MIR	GpC3-MIR	1
162869	16286	1	0.076073	6.1402e-05	0	0.14233	0	0	Gene - participates - Motif-Gene-Sets-MIR	GpC3-MIR	1
64670	64671	0.1	0.42754	0	0	0.11569	0	0	Gene - participates - Motif-Gene-Sets-TFT	GpC3-TFT	1
129340	64670	0.2	0.20252	0	0	0.11466	0	0	Gene - participates - Motif-Gene-Sets-TFT	GpC3-TFT	1
194010	64670	0.3	0.11553	0	0	0.11795	0	0	Gene - participates - Motif-Gene-Sets-TFT	GpC3-TFT	1
258680	64670	0.4	0.081297	0	0	0.11945	0	0	Gene - participates - Motif-Gene-Sets-TFT	GpC3-TFT	1
323350	64670	0.5	0.068216	0	0	0.11596	0	0	Gene - participates - Motif-Gene-Sets-TFT	GpC3-TFT	1
388020	64670	0.6	0.063252	1.5463e-05	0	0.11587	0	0	Gene - participates - Motif-Gene-Sets-TFT	GpC3-TFT	1
452690	64670	0.7	0.060994	1.5463e-05	0	0.11709	0	0	Gene - participates - Motif-Gene-Sets-TFT	GpC3-TFT	1
517360	64670	0.8	0.060847	1.5463e-05	0	0.11675	0	0	Gene - participates - Motif-Gene-Sets-TFT	GpC3-TFT	1
582030	64670	0.9	0.05992	0	0	0.11792	0	0	Gene - participates - Motif-Gene-Sets-TFT	GpC3-TFT	1
646699	64669	1	0.060685	0	0	0.11717	0	0	Gene - participates - Motif-Gene-Sets-TFT	GpC3-TFT	1
14618	14619	0.10001	0.39014	6.8404e-05	0	0.047541	0	0	Gene - participates - Oncogenic-Gene-Sets	GpC6	1
29236	14618	0.20001	0.16363	6.8409e-05	0	0.050896	0	0	Gene - participates - Oncogenic-Gene-Sets	GpC6	1
43854	14618	0.30001	0.08038	6.8409e-05	0	0.051375	0	0	Gene - participates - Oncogenic-Gene-Sets	GpC6	1
58472	14618	0.40001	0.048741	0	0	0.051307	0	0	Gene - participates - Oncogenic-Gene-Sets	GpC6	1
73090	14618	0.50001	0.03718	0	0	0.050417	0	0	Gene - participates - Oncogenic-Gene-Sets	GpC6	1
87708	14618	0.60001	0.031434	6.8409e-05	0	0.049323	0	0	Gene - participates - Oncogenic-Gene-Sets	GpC6	1
102326	14618	0.70001	0.029758	6.8409e-05	0	0.048981	0	0	Gene - participates - Oncogenic-Gene-Sets	GpC6	1
116944	14618	0.80001	0.028732	0	0	0.050828	0	0	Gene - participates - Oncogenic-Gene-Sets	GpC6	1
131562	14618	0.90001	0.027637	0	0	0.047134	0	0	Gene - participates - Oncogenic-Gene-Sets	GpC6	1
146179	14617	1	0.029108	0.00013683	0	0.055894	0	0	Gene - participates - Oncogenic-Gene-Sets	GpC6	1
8807	8808	0.10001	0.37372	0.00011353	0	0.0081744	0	0	Gene - participates - Positional-Gene-Sets	GpC1	1
17614	8807	0.2	0.14204	0.00011355	0	0.0084024	0	0	Gene - participates - Positional-Gene-Sets	GpC1	1
26421	8807	0.29999	0.05694	0.00011355	0	0.0060179	0	0	Gene - participates - Positional-Gene-Sets	GpC1	1
35228	8807	0.39999	0.026171	0	0	0.007494	0	0	Gene - participates - Positional-Gene-Sets	GpC1	1
44035	8807	0.49998	0.015498	0	0	0.010219	0	0	Gene - participates - Positional-Gene-Sets	GpC1	1
52842	8807	0.59998	0.011581	0	0	0.0071534	0	0	Gene - participates - Positional-Gene-Sets	GpC1	1
61649	8807	0.69997	0.0094806	0	0	0.009765	0	0	Gene - participates - Positional-Gene-Sets	GpC1	1
70456	8807	0.79997	0.0079478	0	0	0.0068128	0	0	Gene - participates - Positional-Gene-Sets	GpC1	1
79263	8807	0.89996	0.0087425	0	0	0.0099921	0	0	Gene - participates - Positional-Gene-Sets	GpC1	1
88070	8807	0.99995	0.0092535	0.00011355	0	0.0081753	0	0	Gene - participates - Positional-Gene-Sets	GpC1	1
88074	4	1	0.0092535	0	0	0	0	0	Gene - participates - Positional-Gene-Sets	GpC1	1
3606	3607	0.10001	0.4119	0.00027724	0	0.086221	0	0	Gene - participates - Cancer-Hallmarks	GpH	2
7212	3606	0.2	0.19215	0.00027732	0	0.081808	0	0	Gene - participates - Cancer-Hallmarks	GpH	2
10818	3606	0.29999	0.10925	0	0	0.085691	0	0	Gene - participates - Cancer-Hallmarks	GpH	2
14424	3606	0.39997	0.071953	0	0	0.085413	0	0	Gene - participates - Cancer-Hallmarks	GpH	2
18030	3606	0.49996	0.065299	0	0	0.088186	0	0	Gene - participates - Cancer-Hallmarks	GpH	2
21636	3606	0.59994	0.05906	0	0	0.088464	0	0	Gene - participates - Cancer-Hallmarks	GpH	2
25242	3606	0.69993	0.050049	0	0	0.081531	0	0	Gene - participates - Cancer-Hallmarks	GpH	2
28848	3606	0.79992	0.053792	0.00055463	0	0.092069	0	0	Gene - participates - Cancer-Hallmarks	GpH	2
32454	3606	0.8999	0.051712	0	0	0.086522	0	0	Gene - participates - Cancer-Hallmarks	GpH	2
36060	3606	0.99989	0.054069	0	0	0.093733	0	0	Gene - participates - Cancer-Hallmarks	GpH	2
36064	4	1	0.054069	0	0	0	0	0	Gene - participates - Cancer-Hallmarks	GpH	2
20522	20523	0.1	0.4388	9.7452e-05	0	0.13541	0	0	Gene - participates - Computational-Gene-Sets-CGN	GpC4-CGN	2
41044	20522	0.2	0.21694	0	0	0.13054	0	0	Gene - participates - Computational-Gene-Sets-CGN	GpC4-CGN	2
61566	20522	0.3	0.12816	9.7456e-05	0	0.13888	0	0	Gene - participates - Computational-Gene-Sets-CGN	GpC4-CGN	2
82088	20522	0.4	0.091268	0	0	0.13084	0	0	Gene - participates - Computational-Gene-Sets-CGN	GpC4-CGN	2
102610	20522	0.5	0.07872	4.8728e-05	0	0.13317	0	0	Gene - participates - Computational-Gene-Sets-CGN	GpC4-CGN	2
123132	20522	0.6	0.073482	9.7456e-05	0	0.13259	0	0	Gene - participates - Computational-Gene-Sets-CGN	GpC4-CGN	2
143654	20522	0.7	0.069876	4.8728e-05	0	0.1323	0	0	Gene - participates - Computational-Gene-Sets-CGN	GpC4-CGN	2
164176	20522	0.8	0.070437	4.8728e-05	0	0.12957	0	0	Gene - participates - Computational-Gene-Sets-CGN	GpC4-CGN	2
184698	20522	0.9	0.071216	0	0	0.12879	0	0	Gene - participates - Computational-Gene-Sets-CGN	GpC4-CGN	2
205219	20521	1	0.069145	0	0	0.13045	0	0	Gene - participates - Computational-Gene-Sets-CGN	GpC4-CGN	2
23528	23529	0.1	0.43483	8.5001e-05	0	0.1312	0	0	Gene - participates - Computational-Gene-Sets-CM	GpC4-CM	2
47056	23528	0.2	0.21276	0	0	0.12398	0	0	Gene - participates - Computational-Gene-Sets-CM	GpC4-CM	2
70584	23528	0.3	0.12729	8.5005e-05	0	0.13095	0	0	Gene - participates - Computational-Gene-Sets-CM	GpC4-CM	2
94112	23528	0.4	0.091761	0	0	0.12955	0	0	Gene - participates - Computational-Gene-Sets-CM	GpC4-CM	2
117640	23528	0.49999	0.078522	4.2503e-05	0	0.1287	0	0	Gene - participates - Computational-Gene-Sets-CM	GpC4-CM	2
141168	23528	0.59999	0.073613	4.2503e-05	0	0.1324	0	0	Gene - participates - Computational-Gene-Sets-CM	GpC4-CM	2
164696	23528	0.69999	0.071318	0	0	0.12649	0	0	Gene - participates - Computational-Gene-Sets-CM	GpC4-CM	2
188224	23528	0.79999	0.067981	8.5005e-05	0	0.12636	0	0	Gene - participates - Computational-Gene-Sets-CM	GpC4-CM	2
211752	23528	0.89999	0.069065	4.2503e-05	0	0.12836	0	0	Gene - participates - Computational-Gene-Sets-CM	GpC4-CM	2
235280	23528	0.99998	0.067705	0	0	0.12849	0	0	Gene - participates - Computational-Gene-Sets-CM	GpC4-CM	2
235284	4	1	0.067705	0	0	0	0	0	Gene - participates - Computational-Gene-Sets-CM	GpC4-CM	2
161253	161254	0.1	0.40279	6.2014e-06	0	0.067	0	0	Gene - participates - Curated-Gene-Sets-CPG	GpC2-CPG	2
322506	161253	0.2	0.17361	0	0	0.066672	0	0	Gene - participates - Curated-Gene-Sets-CPG	GpC2-CPG	2
483759	161253	0.3	0.086792	0	0	0.065766	0	0	Gene - participates - Curated-Gene-Sets-CPG	GpC2-CPG	2
645012	161253	0.4	0.054188	0	0	0.066467	0	0	Gene - participates - Curated-Gene-Sets-CPG	GpC2-CPG	2
806265	161253	0.5	0.041122	0	0	0.06625	0	0	Gene - participates - Curated-Gene-Sets-CPG	GpC2-CPG	2
967518	161253	0.6	0.036777	6.2014e-06	0	0.066628	0	0	Gene - participates - Curated-Gene-Sets-CPG	GpC2-CPG	2
1128771	161253	0.7	0.034945	6.2014e-06	0	0.066827	0	0	Gene - participates - Curated-Gene-Sets-CPG	GpC2-CPG	2
1290024	161253	0.8	0.033962	0	0	0.066678	0	0	Gene - participates - Curated-Gene-Sets-CPG	GpC2-CPG	2
1451277	161253	0.9	0.034353	0	0	0.066194	0	0	Gene - participates - Curated-Gene-Sets-CPG	GpC2-CPG	2
1612530	161253	1	0.033351	0	0	0.065165	0	0	Gene - participates - Curated-Gene-Sets-CPG	GpC2-CPG	2
1612534	4	1	0.033351	0	0	0.25	0	0	Gene - participates - Curated-Gene-Sets-CPG	GpC2-CPG	2
17598	17599	0.1	0.4372	0.00011364	0	0.13313	0	0	Gene - participates - Curated-Gene-Sets-REACTOME	GpC2-CP-REACTOME	2
35196	17598	0.2	0.21229	0	0	0.13109	0	0	Gene - participates - Curated-Gene-Sets-REACTOME	GpC2-CP-REACTOME	2
52794	17598	0.3	0.12515	0.00011365	0	0.13297	0	0	Gene - participates - Curated-Gene-Sets-REACTOME	GpC2-CP-REACTOME	2
70392	17598	0.39999	0.089383	0	0	0.13371	0	0	Gene - participates - Curated-Gene-Sets-REACTOME	GpC2-CP-REACTOME	2
87990	17598	0.49999	0.074893	0	0	0.12706	0	0	Gene - participates - Curated-Gene-Sets-REACTOME	GpC2-CP-REACTOME	2
105588	17598	0.59999	0.068387	0	0	0.13144	0	0	Gene - participates - Curated-Gene-Sets-REACTOME	GpC2-CP-REACTOME	2
123186	17598	0.69999	0.067051	0	0	0.12825	0	0	Gene - participates - Curated-Gene-Sets-REACTOME	GpC2-CP-REACTOME	2
140784	17598	0.79998	0.066994	0	0	0.13229	0	0	Gene - participates - Curated-Gene-Sets-REACTOME	GpC2-CP-REACTOME	2
158382	17598	0.89998	0.065915	5.6825e-05	0	0.13433	0	0	Gene - participates - Curated-Gene-Sets-REACTOME	GpC2-CP-REACTOME	2
175980	17598	0.99998	0.067506	0	0	0.137	0	0	Gene - participates - Curated-Gene-Sets-REACTOME	GpC2-CP-REACTOME	2
175984	4	1	0.067477	0	0	0.25	0	0	Gene - participates - Curated-Gene-Sets-REACTOME	GpC2-CP-REACTOME	2
189702	189703	0.1	0.42905	0	0	0.11817	0	0	Gene - participates - GO-Gene-Sets-BP	GpC5-BP	2
379404	189702	0.2	0.20293	5.2714e-06	0	0.11737	0	0	Gene - participates - GO-Gene-Sets-BP	GpC5-BP	2
569106	189702	0.3	0.11562	0	0	0.11772	0	0	Gene - participates - GO-Gene-Sets-BP	GpC5-BP	2
758808	189702	0.4	0.081143	0	0	0.11831	0	0	Gene - participates - GO-Gene-Sets-BP	GpC5-BP	2
948510	189702	0.5	0.067846	0	0	0.11821	0	0	Gene - participates - GO-Gene-Sets-BP	GpC5-BP	2
1138212	189702	0.6	0.062395	0	0	0.11768	0	0	Gene - participates - GO-Gene-Sets-BP	GpC5-BP	2
1327914	189702	0.7	0.060882	5.2714e-06	0	0.11732	0	0	Gene - participates - GO-Gene-Sets-BP	GpC5-BP	2
1517616	189702	0.8	0.059746	0	0	0.1182	0	0	Gene - participates - GO-Gene-Sets-BP	GpC5-BP	2
1707318	189702	0.9	0.058394	5.2714e-06	0	0.11748	0	0	Gene - participates - GO-Gene-Sets-BP	GpC5-BP	2
1897020	189702	1	0.058969	0	0	0.11776	0	0	Gene - participates - GO-Gene-Sets-BP	GpC5-BP	2
1897024	4	1	0.058969	0	0	0	0	0	Gene - participates - GO-Gene-Sets-BP	GpC5-BP	2
29943	29944	0.1	0.4319	3.3396e-05	0	0.1242	0	0	Gene - participates - GO-Gene-Sets-CC	GpC5-CC	2
59886	29943	0.2	0.21071	0	0	0.12644	0	0	Gene - participates - GO-Gene-Sets-CC	GpC5-CC	2
89829	29943	0.3	0.12537	3.3397e-05	0	0.12353	0	0	Gene - participates - GO-Gene-Sets-CC	GpC5-CC	2
119772	29943	0.4	0.089001	0	0	0.12394	0	0	Gene - participates - GO-Gene-Sets-CC	GpC5-CC	2
149715	29943	0.49999	0.073338	0	0	0.12661	0	0	Gene - participates - GO-Gene-Sets-CC	GpC5-CC	2
179658	29943	0.59999	0.067861	0	0	0.12544	0	0	Gene - participates - GO-Gene-Sets-CC	GpC5-CC	2
209601	29943	0.69999	0.066959	3.3397e-05	0	0.12273	0	0	Gene - participates - GO-Gene-Sets-CC	GpC5-CC	2
239544	29943	0.79999	0.06716	3.3397e-05	0	0.12624	0	0	Gene - participates - GO-Gene-Sets-CC	GpC5-CC	2
269487	29943	0.89999	0.065974	0	0	0.12681	0	0	Gene - participates - GO-Gene-Sets-CC	GpC5-CC	2
299430	29943	0.99999	0.066091	3.3397e-05	0	0.125	0	0	Gene - participates - GO-Gene-Sets-CC	GpC5-CC	2
299434	4	1	0.066091	0	0	0.5	0	0	Gene - participates - GO-Gene-Sets-CC	GpC5-CC	2
33781	33782	0.1	0.40766	0	0	0.074537	0	0	Gene - participates - GO-Gene-Sets-MF	GpC5-MF	2
67562	33781	0.2	0.17969	0	0	0.074657	0	0	Gene - participates - GO-Gene-Sets-MF	GpC5-MF	2
101343	33781	0.3	0.095127	0	0	0.077647	0	0	Gene - participates - GO-Gene-Sets-MF	GpC5-MF	2
135124	33781	0.4	0.062402	2.9602e-05	0	0.079246	0	0	Gene - participates - GO-Gene-Sets-MF	GpC5-MF	2
168905	33781	0.5	0.048696	0	0	0.074154	0	0	Gene - participates - GO-Gene-Sets-MF	GpC5-MF	2
202686	33781	0.6	0.043308	2.9602e-05	0	0.077174	0	0	Gene - participates - GO-Gene-Sets-MF	GpC5-MF	2
236467	33781	0.7	0.041887	0	0	0.074036	0	0	Gene - participates - GO-Gene-Sets-MF	GpC5-MF	2
270248	33781	0.8	0.040052	0	0	0.07522	0	0	Gene - participates - GO-Gene-Sets-MF	GpC5-MF	2
304029	33781	0.9	0.040171	0	0	0.077736	0	0	Gene - participates - GO-Gene-Sets-MF	GpC5-MF	2
337809	33780	1	0.040467	5.9207e-05	0	0.074275	0	0	Gene - participates - GO-Gene-Sets-MF	GpC5-MF	2
443290	443291	0.1	0.38431	2.2559e-06	0	0.032026	0	0	Gene - participates - Immunologic-Gene-Sets	GpC7	2
886580	443290	0.2	0.15429	2.2559e-06	0	0.032498	0	0	Gene - participates - Immunologic-Gene-Sets	GpC7	2
1329870	443290	0.3	0.067905	0	0	0.032929	0	0	Gene - participates - Immunologic-Gene-Sets	GpC7	2
1773160	443290	0.4	0.035639	0	0	0.032913	0	0	Gene - participates - Immunologic-Gene-Sets	GpC7	2
2216450	443290	0.5	0.02389	0	0	0.032913	0	0	Gene - participates - Immunologic-Gene-Sets	GpC7	2
2659740	443290	0.6	0.019105	0	0	0.032572	0	0	Gene - participates - Immunologic-Gene-Sets	GpC7	2
3103030	443290	0.7	0.017482	0	0	0.032184	0	0	Gene - participates - Immunologic-Gene-Sets	GpC7	2
3546320	443290	0.8	0.016997	0	0	0.032739	0	0	Gene - participates - Immunologic-Gene-Sets	GpC7	2
3989610	443290	0.9	0.016872	4.5117e-06	0	0.03266	0	0	Gene - participates - Immunologic-Gene-Sets	GpC7	2
4432900	443290	1	0.016936	0	0	0.032665	0	0	Gene - participates - Immunologic-Gene-Sets	GpC7	2
4432904	4	1	0.016937	0	0	0	0	0	Gene - participates - Immunologic-Gene-Sets	GpC7	2
16287	16288	0.10001	0.44014	0.00012279	0	0.14342	0	0	Gene - participates - Motif-Gene-Sets-MIR	GpC3-MIR	2
32574	16287	0.20001	0.22119	6.1399e-05	0	0.14423	0	0	Gene - participates - Motif-Gene-Sets-MIR	GpC3-MIR	2
48861	16287	0.30001	0.13308	6.1399e-05	0	0.14195	0	0	Gene - participates - Motif-Gene-Sets-MIR	GpC3-MIR	2
65148	16287	0.40001	0.09747	0	0	0.14576	0	0	Gene - participates - Motif-Gene-Sets-MIR	GpC3-MIR	2
81435	16287	0.50001	0.083963	6.1399e-05	0	0.1398	0	0	Gene - participates - Motif-Gene-Sets-MIR	GpC3-MIR	2
97722	16287	0.60001	0.077976	0	0	0.14202	0	0	Gene - participates - Motif-Gene-Sets-MIR	GpC3-MIR	2
114009	16287	0.70001	0.077669	6.1399e-05	0	0.14054	0	0	Gene - participates - Motif-Gene-Sets-MIR	GpC3-MIR	2
130296	16287	0.80001	0.07727	0	0	0.13821	0	0	Gene - participates - Motif-Gene-Sets-MIR	GpC3-MIR	2
146583	16287	0.90001	0.07681	0	0	0.14981	0	0	Gene - participates - Motif-Gene-Sets-MIR	GpC3-MIR	2
162869	16286	1	0.073494	6.1402e-05	0	0.14073	0	0	Gene - participates - Motif-Gene-Sets-MIR	GpC3-MIR	2
64670	64671	0.1	0.42754	1.5463e-05	0	0.11784	0	0	Gene - participates - Motif-Gene-Sets-TFT	GpC3-TFT	2
129340	64670	0.2	0.20457	0	0	0.11665	0	0	Gene - participates - Motif-Gene-Sets-TFT	GpC3-TFT	2
194010	64670	0.3	0.11709	0	0	0.11639	0	0	Gene - participates - Motif-Gene-Sets-TFT	GpC3-TFT	2
258680	64670	0.4	0.082519	3.0926e-05	0	0.11696	0	0	Gene - participates - Motif-Gene-Sets-TFT	GpC3-TFT	2
323350	64670	0.5	0.068007	1.5463e-05	0	0.11523	0	0	Gene - participates - Motif-Gene-Sets-TFT	GpC3-TFT	2
388020	64670	0.6	0.064667	3.0926e-05	0	0.11552	0	0	Gene - participates - Motif-Gene-Sets-TFT	GpC3-TFT	2
452690	64670	0.7	0.062046	6.1852e-05	0	0.11747	0	0	Gene - participates - Motif-Gene-Sets-TFT	GpC3-TFT	2
517360	64670	0.8	0.061195	0	0	0.11746	0	0	Gene - participates - Motif-Gene-Sets-TFT	GpC3-TFT	2
582030	64670	0.9	0.061706	1.5463e-05	0	0.11797	0	0	Gene - participates - Motif-Gene-Sets-TFT	GpC3-TFT	2
646699	64669	1	0.06077	0	0	0.11853	0	0	Gene - participates - Motif-Gene-Sets-TFT	GpC3-TFT	2
14618	14619	0.10001	0.39126	6.8404e-05	0	0.048772	0	0	Gene - participates - Oncogenic-Gene-Sets	GpC6	2
29236	14618	0.20001	0.16723	6.8409e-05	0	0.048844	0	0	Gene - participates - Oncogenic-Gene-Sets	GpC6	2
43854	14618	0.30001	0.080346	6.8409e-05	0	0.048775	0	0	Gene - participates - Oncogenic-Gene-Sets	GpC6	2
58472	14618	0.40001	0.046484	0	0	0.053154	0	0	Gene - participates - Oncogenic-Gene-Sets	GpC6	2
73090	14618	0.50001	0.034375	6.8409e-05	0	0.048707	0	0	Gene - participates - Oncogenic-Gene-Sets	GpC6	2
87708	14618	0.60001	0.028287	0	0	0.048433	0	0	Gene - participates - Oncogenic-Gene-Sets	GpC6	2
102326	14618	0.70001	0.02904	6.8409e-05	0	0.051033	0	0	Gene - participates - Oncogenic-Gene-Sets	GpC6	2
116944	14618	0.80001	0.027808	0	0	0.052538	0	0	Gene - participates - Oncogenic-Gene-Sets	GpC6	2
131562	14618	0.90001	0.027842	6.8409e-05	0	0.050417	0	0	Gene - participates - Oncogenic-Gene-Sets	GpC6	2
146179	14617	1	0.02815	0	0	0.052405	0	0	Gene - participates - Oncogenic-Gene-Sets	GpC6	2
8807	8808	0.10001	0.3732	0.00022707	0	0.0074932	0	0	Gene - participates - Positional-Gene-Sets	GpC1	2
17614	8807	0.2	0.14471	0.00011355	0	0.0089701	0	0	Gene - participates - Positional-Gene-Sets	GpC1	2
26421	8807	0.29999	0.059835	0.00011355	0	0.007494	0	0	Gene - participates - Positional-Gene-Sets	GpC1	2
35228	8807	0.39999	0.026909	0	0	0.0069263	0	0	Gene - participates - Positional-Gene-Sets	GpC1	2
44035	8807	0.49998	0.015441	0	0	0.0084024	0	0	Gene - participates - Positional-Gene-Sets	GpC1	2
52842	8807	0.59998	0.010219	0.00011355	0	0.0093108	0	0	Gene - participates - Positional-Gene-Sets	GpC1	2
61649	8807	0.69997	0.0091967	0	0	0.0086295	0	0	Gene - participates - Positional-Gene-Sets	GpC1	2
70456	8807	0.79997	0.007153	0	0	0.0080618	0	0	Gene - participates - Positional-Gene-Sets	GpC1	2
79263	8807	0.89996	0.0074368	0.00022709	0	0.0080618	0	0	Gene - participates - Positional-Gene-Sets	GpC1	2
88070	8807	0.99995	0.0073233	0	0	0.0077211	0	0	Gene - participates - Positional-Gene-Sets	GpC1	2
88074	4	1	0.0073233	0	0	0	0	0	Gene - participates - Positional-Gene-Sets	GpC1	2
3606	3607	0.10001	0.41342	0	0	0.087053	0	0	Gene - participates - Cancer-Hallmarks	GpH	3
7212	3606	0.2	0.20019	0.00027732	0	0.085968	0	0	Gene - participates - Cancer-Hallmarks	GpH	3
10818	3606	0.29999	0.11452	0	0	0.096506	0	0	Gene - participates - Cancer-Hallmarks	GpH	3
14424	3606	0.39997	0.079024	0	0	0.080422	0	0	Gene - participates - Cancer-Hallmarks	GpH	3
18030	3606	0.49996	0.068349	0	0	0.089573	0	0	Gene - participates - Cancer-Hallmarks	GpH	3
21636	3606	0.59994	0.066408	0.00055463	0	0.074043	0	0	Gene - participates - Cancer-Hallmarks	GpH	3
25242	3606	0.69993	0.061278	0	0	0.081253	0	0	Gene - participates - Cancer-Hallmarks	GpH	3
28848	3606	0.79992	0.057396	0	0	0.0868	0	0	Gene - participates - Cancer-Hallmarks	GpH	3
32454	3606	0.8999	0.05698	0	0	0.079867	0	0	Gene - participates - Cancer-Hallmarks	GpH	3
36060	3606	0.99989	0.053376	0.00027732	0	0.091514	0	0	Gene - participates - Cancer-Hallmarks	GpH	3
36064	4	1	0.053514	0	0	0.25	0	0	Gene - participates - Cancer-Hallmarks	GpH	3
20522	20523	0.1	0.43716	0	0	0.13487	0	0	Gene - participates - Computational-Gene-Sets-CGN	GpC4-CGN	3
41044	20522	0.2	0.21438	4.8728e-05	0	0.12996	0	0	Gene - participates - Computational-Gene-Sets-CGN	GpC4-CGN	3
61566	20522	0.3	0.12457	0	0	0.13488	0	0	Gene - participates - Computational-Gene-Sets-CGN	GpC4-CGN	3
82088	20522	0.4	0.091926	0	0	0.1341	0	0	Gene - participates - Computational-Gene-Sets-CGN	GpC4-CGN	3
102610	20522	0.5	0.078745	0.00014618	0	0.13196	0	0	Gene - participates - Computational-Gene-Sets-CGN	GpC4-CGN	3
123132	20522	0.6	0.073117	4.8728e-05	0	0.12976	0	0	Gene - participates - Computational-Gene-Sets-CGN	GpC4-CGN	3
143654	20522	0.7	0.069657	4.8728e-05	0	0.13123	0	0	Gene - participates - Computational-Gene-Sets-CGN	GpC4-CGN	3
164176	20522	0.8	0.069218	0	0	0.12859	0	0	Gene - participates - Computational-Gene-Sets-CGN	GpC4-CGN	3
184698	20522	0.9	0.070169	0	0	0.1362	0	0	Gene - participates - Computational-Gene-Sets-CGN	GpC4-CGN	3
205219	20521	1	0.070193	0	0	0.1323	0	0	Gene - participates - Computational-Gene-Sets-CGN	GpC4-CGN	3
23528	23529	0.1	0.43698	0	0	0.13405	0	0	Gene - participates - Computational-Gene-Sets-CM	GpC4-CM	3
47056	23528	0.2	0.2138	0	0	0.12908	0	0	Gene - participates - Computational-Gene-Sets-CM	GpC4-CM	3
70584	23528	0.3	0.12502	0	0	0.13048	0	0	Gene - participates - Computational-Gene-Sets-CM	GpC4-CM	3
94112	23528	0.4	0.092632	4.2503e-05	0	0.13082	0	0	Gene - participates - Computational-Gene-Sets-CM	GpC4-CM	3
117640	23528	0.49999	0.080732	0.00012751	0	0.12925	0	0	Gene - participates - Computational-Gene-Sets-CM	GpC4-CM	3
141168	23528	0.59999	0.074867	4.2503e-05	0	0.12696	0	0	Gene - participates - Computational-Gene-Sets-CM	GpC4-CM	3
164696	23528	0.69999	0.069958	4.2503e-05	0	0.12759	0	0	Gene - participates - Computational-Gene-Sets-CM	GpC4-CM	3
188224	23528	0.79999	0.070361	0	0	0.13091	0	0	Gene - participates - Computational-Gene-Sets-CM	GpC4-CM	3
211752	23528	0.89999	0.069745	0	0	0.13014	0	0	Gene - participates - Computational-Gene-Sets-CM	GpC4-CM	3
235280	23528	0.99998	0.07017	0	0	0.13244	0	0	Gene - participates - Computational-Gene-Sets-CM	GpC4-CM	3
235284	4	1	0.070191	0	0	0.25	0	0	Gene - participates - Computational-Gene-Sets-CM	GpC4-CM	3
161253	161254	0.1	0.40212	0	0	0.066436	0	0	Gene - participates - Curated-Gene-Sets-CPG	GpC2-CPG	3
322506	161253	0.2	0.17453	6.2014e-06	0	0.066814	0	0	Gene - participates - Curated-Gene-Sets-CPG	GpC2-CPG	3
483759	161253	0.3	0.087815	1.8604e-05	0	0.065586	0	0	Gene - participates - Curated-Gene-Sets-CPG	GpC2-CPG	3
645012	161253	0.4	0.055019	6.2014e-06	0	0.068067	0	0	Gene - participates - Curated-Gene-Sets-CPG	GpC2-CPG	3
806265	161253	0.5	0.041987	6.2014e-06	0	0.065965	0	0	Gene - participates - Curated-Gene-Sets-CPG	GpC2-CPG	3
967518	161253	0.6	0.036917	0	0	0.067087	0	0	Gene - participates - Curated-Gene-Sets-CPG	GpC2-CPG	3
1128771	161253	0.7	0.035112	0	0	0.066752	0	0	Gene - participates - Curated-Gene-Sets-CPG	GpC2-CPG	3
1290024	161253	0.8	0.034182	0	0	0.066244	0	0	Gene - participates - Curated-Gene-Sets-CPG	GpC2-CPG	3
1451277	161253	0.9	0.033937	0	0	0.066709	0	0	Gene - participates - Curated-Gene-Sets-CPG	GpC2-CPG	3
1612530	161253	1	0.033441	6.2014e-06	0	0.065946	0	0	Gene - participates - Curated-Gene-Sets-CPG	GpC2-CPG	3
1612534	4	1	0.033444	0	0	0.25	0	0	Gene - participates - Curated-Gene-Sets-CPG	GpC2-CPG	3
17598	17599	0.1	0.43313	0	0	0.13029	0	0	Gene - participates - Curated-Gene-Sets-REACTOME	GpC2-CP-REACTOME	3
35196	17598	0.2	0.21402	5.6825e-05	0	0.13161	0	0	Gene - participates - Curated-Gene-Sets-REACTOME	GpC2-CP-REACTOME	3
52794	17598	0.3	0.12464	0	0	0.13422	0	0	Gene - participates - Curated-Gene-Sets-REACTOME	GpC2-CP-REACTOME	3
70392	17598	0.39999	0.087962	0	0	0.13195	0	0	Gene - participates - Curated-Gene-Sets-REACTOME	GpC2-CP-REACTOME	3
87990	17598	0.49999	0.075631	5.6825e-05	0	0.1307	0	0	Gene - participates - Curated-Gene-Sets-REACTOME	GpC2-CP-REACTOME	3
105588	17598	0.59999	0.069637	5.6825e-05	0	0.13348	0	0	Gene - participates - Curated-Gene-Sets-REACTOME	GpC2-CP-REACTOME	3
123186	17598	0.69999	0.068529	0	0	0.1303	0	0	Gene - participates - Curated-Gene-Sets-REACTOME	GpC2-CP-REACTOME	3
140784	17598	0.79998	0.068784	0	0	0.12723	0	0	Gene - participates - Curated-Gene-Sets-REACTOME	GpC2-CP-REACTOME	3
158382	17598	0.89998	0.06617	5.6825e-05	0	0.13428	0	0	Gene - participates - Curated-Gene-Sets-REACTOME	GpC2-CP-REACTOME	3
175980	17598	0.99998	0.066114	0	0	0.13115	0	0	Gene - participates - Curated-Gene-Sets-REACTOME	GpC2-CP-REACTOME	3
175984	4	1	0.066142	0	0	0.25	0	0	Gene - participates - Curated-Gene-Sets-REACTOME	GpC2-CP-REACTOME	3
189702	189703	0.1	0.42661	0	0	0.11733	0	0	Gene - participates - GO-Gene-Sets-BP	GpC5-BP	3
379404	189702	0.2	0.2041	5.2714e-06	0	0.11872	0	0	Gene - participates - GO-Gene-Sets-BP	GpC5-BP	3
569106	189702	0.3	0.11645	1.0543e-05	0	0.11675	0	0	Gene - participates - GO-Gene-Sets-BP	GpC5-BP	3
758808	189702	0.4	0.081103	0	0	0.11666	0	0	Gene - participates - GO-Gene-Sets-BP	GpC5-BP	3
948510	189702	0.5	0.067761	5.2714e-06	0	0.11766	0	0	Gene - participates - GO-Gene-Sets-BP	GpC5-BP	3
1138212	189702	0.6	0.06216	0	0	0.11817	0	0	Gene - participates - GO-Gene-Sets-BP	GpC5-BP	3
1327914	189702	0.7	0.060431	0	0	0.11838	0	0	Gene - participates - GO-Gene-Sets-BP	GpC5-BP	3
1517616	189702	0.8	0.058892	0	0	0.11796	0	0	Gene - participates - GO-Gene-Sets-BP	GpC5-BP	3
1707318	189702	0.9	0.058789	0	0	0.11758	0	0	Gene - participates - GO-Gene-Sets-BP	GpC5-BP	3
1897020	189702	1	0.059106	5.2714e-06	0	0.1166	0	0	Gene - participates - GO-Gene-Sets-BP	GpC5-BP	3
1897024	4	1	0.059103	0	0	0	0	0	Gene - participates - GO-Gene-Sets-BP	GpC5-BP	3
29943	29944	0.1	0.43208	0	0	0.12437	0	0	Gene - participates - GO-Gene-Sets-CC	GpC5-CC	3
59886	29943	0.2	0.21001	0	0	0.12627	0	0	Gene - participates - GO-Gene-Sets-CC	GpC5-CC	3
89829	29943	0.3	0.11956	0	0	0.12504	0	0	Gene - participates - GO-Gene-Sets-CC	GpC5-CC	3
119772	29943	0.4	0.087181	3.3397e-05	0	0.12317	0	0	Gene - participates - GO-Gene-Sets-CC	GpC5-CC	3
149715	29943	0.49999	0.073605	3.3397e-05	0	0.12313	0	0	Gene - participates - GO-Gene-Sets-CC	GpC5-CC	3
179658	29943	0.59999	0.068947	3.3397e-05	0	0.12203	0	0	Gene - participates - GO-Gene-Sets-CC	GpC5-CC	3
209601	29943	0.69999	0.06716	0	0	0.12367	0	0	Gene - participates - GO-Gene-Sets-CC	GpC5-CC	3
239544	29943	0.79999	0.06736	0	0	0.12571	0	0	Gene - participates - GO-Gene-Sets-CC	GpC5-CC	3
269487	29943	0.89999	0.065573	0	0	0.12738	0	0	Gene - participates - GO-Gene-Sets-CC	GpC5-CC	3
299430	29943	0.99999	0.066208	0	0	0.12677	0	0	Gene - participates - GO-Gene-Sets-CC	GpC5-CC	3
299434	4	1	0.066208	0	0	0	0	0	Gene - participates - GO-Gene-Sets-CC	GpC5-CC	3
33781	33782	0.1	0.40709	2.9602e-05	0	0.076786	0	0	Gene - participates - GO-Gene-Sets-MF	GpC5-MF	3
67562	33781	0.2	0.17929	0	0	0.074302	0	0	Gene - participates - GO-Gene-Sets-MF	GpC5-MF	3
101343	33781	0.3	0.094757	2.9602e-05	0	0.076315	0	0	Gene - participates - GO-Gene-Sets-MF	GpC5-MF	3
135124	33781	0.4	0.060478	2.9602e-05	0	0.076582	0	0	Gene - participates - GO-Gene-Sets-MF	GpC5-MF	3
168905	33781	0.5	0.048474	0	0	0.078772	0	0	Gene - participates - GO-Gene-Sets-MF	GpC5-MF	3
202686	33781	0.6	0.04393	2.9602e-05	0	0.075812	0	0	Gene - participates - GO-Gene-Sets-MF	GpC5-MF	3
236467	33781	0.7	0.042065	0	0	0.074953	0	0	Gene - participates - GO-Gene-Sets-MF	GpC5-MF	3
270248	33781	0.8	0.040955	0	0	0.076848	0	0	Gene - participates - GO-Gene-Sets-MF	GpC5-MF	3
304029	33781	0.9	0.041577	2.9602e-05	0	0.076818	0	0	Gene - participates - GO-Gene-Sets-MF	GpC5-MF	3
337809	33780	1	0.041192	2.9603e-05	0	0.078212	0	0	Gene - participates - GO-Gene-Sets-MF	GpC5-MF	3
443290	443291	0.1	0.38473	2.2559e-06	0	0.032859	0	0	Gene - participates - Immunologic-Gene-Sets	GpC7	3
886580	443290	0.2	0.15443	6.7676e-06	0	0.032712	0	0	Gene - participates - Immunologic-Gene-Sets	GpC7	3
1329870	443290	0.3	0.068519	0	0	0.032511	0	0	Gene - participates - Immunologic-Gene-Sets	GpC7	3
1773160	443290	0.4	0.035982	0	0	0.032432	0	0	Gene - participates - Immunologic-Gene-Sets	GpC7	3
2216450	443290	0.5	0.023539	4.5117e-06	0	0.032342	0	0	Gene - participates - Immunologic-Gene-Sets	GpC7	3
2659740	443290	0.6	0.019185	2.2559e-06	0	0.032992	0	0	Gene - participates - Immunologic-Gene-Sets	GpC7	3
3103030	443290	0.7	0.017469	0	0	0.032365	0	0	Gene - participates - Immunologic-Gene-Sets	GpC7	3
3546320	443290	0.8	0.016963	2.2559e-06	0	0.032541	0	0	Gene - participates - Immunologic-Gene-Sets	GpC7	3
3989610	443290	0.9	0.01653	4.5117e-06	0	0.032372	0	0	Gene - participates - Immunologic-Gene-Sets	GpC7	3
4432900	443290	1	0.01657	0	0	0.03241	0	0	Gene - participates - Immunologic-Gene-Sets	GpC7	3
4432904	4	1	0.01657	0	0	0	0	0	Gene - participates - Immunologic-Gene-Sets	GpC7	3
16287	16288	0.10001	0.44299	0	0	0.14397	0	0	Gene - participates - Motif-Gene-Sets-MIR	GpC3-MIR	3
32574	16287	0.20001	0.22196	0	0	0.1414	0	0	Gene - participates - Motif-Gene-Sets-MIR	GpC3-MIR	3
48861	16287	0.30001	0.1348	6.1399e-05	0	0.14122	0	0	Gene - participates - Motif-Gene-Sets-MIR	GpC3-MIR	3
65148	16287	0.40001	0.10042	0	0	0.14324	0	0	Gene - participates - Motif-Gene-Sets-MIR	GpC3-MIR	3
81435	16287	0.50001	0.087247	6.1399e-05	0	0.1438	0	0	Gene - participates - Motif-Gene-Sets-MIR	GpC3-MIR	3
97722	16287	0.60001	0.079972	6.1399e-05	0	0.14343	0	0	Gene - participates - Motif-Gene-Sets-MIR	GpC3-MIR	3
114009	16287	0.70001	0.078068	0	0	0.13962	0	0	Gene - participates - Motif-Gene-Sets-MIR	GpC3-MIR	3
130296	16287	0.80001	0.07816	6.1399e-05	0	0.13759	0	0	Gene - participates - Motif-Gene-Sets-MIR	GpC3-MIR	3
146583	16287	0.90001	0.077946	6.1399e-05	0	0.1449	0	0	Gene - participates - Motif-Gene-Sets-MIR	GpC3-MIR	3
162869	16286	1	0.078099	0	0	0.14178	0	0	Gene - participates - Motif-Gene-Sets-MIR	GpC3-MIR	3
64670	64671	0.1	0.42694	0	0	0.1165	0	0	Gene - participates - Motif-Gene-Sets-TFT	GpC3-TFT	3
129340	64670	0.2	0.2044	0	0	0.11786	0	0	Gene - participates - Motif-Gene-Sets-TFT	GpC3-TFT	3
194010	64670	0.3	0.11698	0	0	0.11409	0	0	Gene - participates - Motif-Gene-Sets-TFT	GpC3-TFT	3
258680	64670	0.4	0.08163	1.5463e-05	0	0.11681	0	0	Gene - participates - Motif-Gene-Sets-TFT	GpC3-TFT	3
323350	64670	0.5	0.069793	0	0	0.11882	0	0	Gene - participates - Motif-Gene-Sets-TFT	GpC3-TFT	3
388020	64670	0.6	0.065316	1.5463e-05	0	0.11651	0	0	Gene - participates - Motif-Gene-Sets-TFT	GpC3-TFT	3
452690	64670	0.7	0.062912	1.5463e-05	0	0.11835	0	0	Gene - participates - Motif-Gene-Sets-TFT	GpC3-TFT	3
517360	64670	0.8	0.061574	1.5463e-05	0	0.11741	0	0	Gene - participates - Motif-Gene-Sets-TFT	GpC3-TFT	3
582030	64670	0.9	0.060414	1.5463e-05	0	0.1158	0	0	Gene - participates - Motif-Gene-Sets-TFT	GpC3-TFT	3
646699	64669	1	0.060128	1.5463e-05	0	0.11585	0	0	Gene - participates - Motif-Gene-Sets-TFT	GpC3-TFT	3
14618	14619	0.10001	0.39338	0	0	0.04672	0	0	Gene - participates - Oncogenic-Gene-Sets	GpC6	3
29236	14618	0.20001	0.16435	0	0	0.047818	0	0	Gene - participates - Oncogenic-Gene-Sets	GpC6	3
43854	14618	0.30001	0.078739	6.8409e-05	0	0.047681	0	0	Gene - participates - Oncogenic-Gene-Sets	GpC6	3
58472	14618	0.40001	0.047305	0	0	0.047886	0	0	Gene - participates - Oncogenic-Gene-Sets	GpC6	3
73090	14618	0.50001	0.035538	0	0	0.051307	0	0	Gene - participates - Oncogenic-Gene-Sets	GpC6	3
87708	14618	0.60001	0.030374	0	0	0.050554	0	0	Gene - participates - Oncogenic-Gene-Sets	GpC6	3
102326	14618	0.70001	0.030031	0	0	0.048775	0	0	Gene - participates - Oncogenic-Gene-Sets	GpC6	3
116944	14618	0.80001	0.028834	6.8409e-05	0	0.05158	0	0	Gene - participates - Oncogenic-Gene-Sets	GpC6	3
131562	14618	0.90001	0.028287	0	0	0.049733	0	0	Gene - participates - Oncogenic-Gene-Sets	GpC6	3
146179	14617	1	0.027706	6.8413e-05	0	0.047753	0	0	Gene - participates - Oncogenic-Gene-Sets	GpC6	3
8807	8808	0.10001	0.37638	0	0	0.0088556	0	0	Gene - participates - Positional-Gene-Sets	GpC1	3
17614	8807	0.2	0.14164	0	0	0.0076076	0	0	Gene - participates - Positional-Gene-Sets	GpC1	3
26421	8807	0.29999	0.060119	0.00011355	0	0.0077211	0	0	Gene - participates - Positional-Gene-Sets	GpC1	3
35228	8807	0.39999	0.027079	0	0	0.0078347	0	0	Gene - participates - Positional-Gene-Sets	GpC1	3
44035	8807	0.49998	0.015158	0	0	0.0081753	0	0	Gene - participates - Positional-Gene-Sets	GpC1	3
52842	8807	0.59998	0.010957	0	0	0.0066992	0	0	Gene - participates - Positional-Gene-Sets	GpC1	3
61649	8807	0.69997	0.0092535	0.00011355	0	0.0094243	0	0	Gene - participates - Positional-Gene-Sets	GpC1	3
70456	8807	0.79997	0.0089696	0.00011355	0	0.0084024	0	0	Gene - participates - Positional-Gene-Sets	GpC1	3
79263	8807	0.89996	0.0078342	0.00022709	0	0.0072669	0	0	Gene - participates - Positional-Gene-Sets	GpC1	3
88070	8807	0.99995	0.0079478	0.00022709	0	0.0076076	0	0	Gene - participates - Positional-Gene-Sets	GpC1	3
88074	4	1	0.0079478	0	0	0	0	0	Gene - participates - Positional-Gene-Sets	GpC1	3
3606	3607	0.10001	0.41481	0	0	0.088162	0	0	Gene - participates - Cancer-Hallmarks	GpH	4
7212	3606	0.2	0.19396	0	0	0.08985	0	0	Gene - participates - Cancer-Hallmarks	GpH	4
10818	3606	0.29999	0.10592	0	0	0.09096	0	0	Gene - participates - Cancer-Hallmarks	GpH	4
14424	3606	0.39997	0.077222	0.00055463	0	0.095397	0	0	Gene - participates - Cancer-Hallmarks	GpH	4
18030	3606	0.49996	0.063496	0.00055463	0	0.088741	0	0	Gene - participates - Cancer-Hallmarks	GpH	4
21636	3606	0.59994	0.059337	0.00027732	0	0.085691	0	0	Gene - participates - Cancer-Hallmarks	GpH	4
25242	3606	0.69993	0.056426	0.00027732	0	0.087077	0	0	Gene - participates - Cancer-Hallmarks	GpH	4
28848	3606	0.79992	0.05601	0.00027732	0	0.085691	0	0	Gene - participates - Cancer-Hallmarks	GpH	4
32454	3606	0.8999	0.057258	0.00083195	0	0.086522	0	0	Gene - participates - Cancer-Hallmarks	GpH	4
36060	3606	0.99989	0.062249	0.00027732	0	0.082917	0	0	Gene - participates - Cancer-Hallmarks	GpH	4
36064	4	1	0.06211	0	0	0	0	0	Gene - participates - Cancer-Hallmarks	GpH	4
20522	20523	0.1	0.43349	0	0	0.134	0	0	Gene - participates - Computational-Gene-Sets-CGN	GpC4-CGN	4
41044	20522	0.2	0.21189	0	0	0.13059	0	0	Gene - participates - Computational-Gene-Sets-CGN	GpC4-CGN	4
61566	20522	0.3	0.12499	0	0	0.13366	0	0	Gene - participates - Computational-Gene-Sets-CGN	GpC4-CGN	4
82088	20522	0.4	0.09117	0	0	0.13322	0	0	Gene - participates - Computational-Gene-Sets-CGN	GpC4-CGN	4
102610	20522	0.5	0.079671	0	0	0.12918	0	0	Gene - participates - Computational-Gene-Sets-CGN	GpC4-CGN	4
123132	20522	0.6	0.073555	4.8728e-05	0	0.13001	0	0	Gene - participates - Computational-Gene-Sets-CGN	GpC4-CGN	4
143654	20522	0.7	0.07107	4.8728e-05	0	0.12703	0	0	Gene - participates - Computational-Gene-Sets-CGN	GpC4-CGN	4
164176	20522	0.8	0.07146	9.7456e-05	0	0.13366	0	0	Gene - participates - Computational-Gene-Sets-CGN	GpC4-CGN	4
184698	20522	0.9	0.070534	0	0	0.13308	0	0	Gene - participates - Computational-Gene-Sets-CGN	GpC4-CGN	4
205219	20521	1	0.069925	0	0	0.13216	0	0	Gene - participates - Computational-Gene-Sets-CGN	GpC4-CGN	4
23528	23529	0.1	0.43471	0	0	0.13099	0	0	Gene - participates - Computational-Gene-Sets-CM	GpC4-CM	4
47056	23528	0.2	0.21132	0	0	0.12895	0	0	Gene - participates - Computational-Gene-Sets-CM	GpC4-CM	4
70584	23528	0.3	0.12502	4.2503e-05	0	0.12483	0	0	Gene - participates - Computational-Gene-Sets-CM	GpC4-CM	4
94112	23528	0.4	0.090635	0	0	0.1321	0	0	Gene - participates - Computational-Gene-Sets-CM	GpC4-CM	4
117640	23528	0.49999	0.078203	4.2503e-05	0	0.13261	0	0	Gene - participates - Computational-Gene-Sets-CM	GpC4-CM	4
141168	23528	0.59999	0.072954	4.2503e-05	0	0.12789	0	0	Gene - participates - Computational-Gene-Sets-CM	GpC4-CM	4
164696	23528	0.69999	0.069639	8.5005e-05	0	0.12568	0	0	Gene - participates - Computational-Gene-Sets-CM	GpC4-CM	4
188224	23528	0.79999	0.069618	4.2503e-05	0	0.12428	0	0	Gene - participates - Computational-Gene-Sets-CM	GpC4-CM	4
211752	23528	0.89999	0.070744	0	0	0.13452	0	0	Gene - participates - Computational-Gene-Sets-CM	GpC4-CM	4
235280	23528	0.99998	0.070638	0	0	0.12951	0	0	Gene - participates - Computational-Gene-Sets-CM	GpC4-CM	4
235284	4	1	0.070638	0	0	0	0	0	Gene - participates - Computational-Gene-Sets-CM	GpC4-CM	4
161253	161254	0.1	0.40101	6.2014e-06	0	0.066963	0	0	Gene - participates - Curated-Gene-Sets-CPG	GpC2-CPG	4
322506	161253	0.2	0.17295	6.2014e-06	0	0.066944	0	0	Gene - participates - Curated-Gene-Sets-CPG	GpC2-CPG	4
483759	161253	0.3	0.08699	0	0	0.06625	0	0	Gene - participates - Curated-Gene-Sets-CPG	GpC2-CPG	4
645012	161253	0.4	0.053763	0	0	0.065797	0	0	Gene - participates - Curated-Gene-Sets-CPG	GpC2-CPG	4
806265	161253	0.5	0.041525	6.2014e-06	0	0.065475	0	0	Gene - participates - Curated-Gene-Sets-CPG	GpC2-CPG	4
967518	161253	0.6	0.036551	0	0	0.066188	0	0	Gene - participates - Curated-Gene-Sets-CPG	GpC2-CPG	4
1128771	161253	0.7	0.03497	2.4806e-05	0	0.06563	0	0	Gene - participates - Curated-Gene-Sets-CPG	GpC2-CPG	4
1290024	161253	0.8	0.034427	0	0	0.066219	0	0	Gene - participates - Curated-Gene-Sets-CPG	GpC2-CPG	4
1451277	161253	0.9	0.034415	0	0	0.065822	0	0	Gene - participates - Curated-Gene-Sets-CPG	GpC2-CPG	4
1612530	161253	1	0.034105	0	0	0.067775	0	0	Gene - participates - Curated-Gene-Sets-CPG	GpC2-CPG	4
1612534	4	1	0.034108	0	0	0	0	0	Gene - participates - Curated-Gene-Sets-CPG	GpC2-CPG	4
17598	17599	0.1	0.43433	0	0	0.13296	0	0	Gene - participates - Curated-Gene-Sets-REACTOME	GpC2-CP-REACTOME	4
35196	17598	0.2	0.21039	0	0	0.13263	0	0	Gene - participates - Curated-Gene-Sets-REACTOME	GpC2-CP-REACTOME	4
52794	17598	0.3	0.12294	5.6825e-05	0	0.13234	0	0	Gene - participates - Curated-Gene-Sets-REACTOME	GpC2-CP-REACTOME	4
70392	17598	0.39999	0.088672	0	0	0.13109	0	0	Gene - participates - Curated-Gene-Sets-REACTOME	GpC2-CP-REACTOME	4
87990	17598	0.49999	0.075575	0	0	0.13206	0	0	Gene - participates - Curated-Gene-Sets-REACTOME	GpC2-CP-REACTOME	4
105588	17598	0.59999	0.069495	0	0	0.13479	0	0	Gene - participates - Curated-Gene-Sets-REACTOME	GpC2-CP-REACTOME	4
123186	17598	0.69999	0.066369	5.6825e-05	0	0.13144	0	0	Gene - participates - Curated-Gene-Sets-REACTOME	GpC2-CP-REACTOME	4
140784	17598	0.79998	0.066881	5.6825e-05	0	0.1361	0	0	Gene - participates - Curated-Gene-Sets-REACTOME	GpC2-CP-REACTOME	4
158382	17598	0.89998	0.066795	5.6825e-05	0	0.13212	0	0	Gene - participates - Curated-Gene-Sets-REACTOME	GpC2-CP-REACTOME	4
175980	17598	0.99998	0.06725	0	0	0.13695	0	0	Gene - participates - Curated-Gene-Sets-REACTOME	GpC2-CP-REACTOME	4
175984	4	1	0.06725	0	0	0	0	0	Gene - participates - Curated-Gene-Sets-REACTOME	GpC2-CP-REACTOME	4
189702	189703	0.1	0.42757	1.0543e-05	0	0.11719	0	0	Gene - participates - GO-Gene-Sets-BP	GpC5-BP	4
379404	189702	0.2	0.20224	0	0	0.116	0	0	Gene - participates - GO-Gene-Sets-BP	GpC5-BP	4
569106	189702	0.3	0.11509	1.5814e-05	0	0.11661	0	0	Gene - participates - GO-Gene-Sets-BP	GpC5-BP	4
758808	189702	0.4	0.080331	0	0	0.11757	0	0	Gene - participates - GO-Gene-Sets-BP	GpC5-BP	4
948510	189702	0.5	0.06671	0	0	0.11757	0	0	Gene - participates - GO-Gene-Sets-BP	GpC5-BP	4
1138212	189702	0.6	0.061778	0	0	0.11858	0	0	Gene - participates - GO-Gene-Sets-BP	GpC5-BP	4
1327914	189702	0.7	0.059883	1.5814e-05	0	0.11715	0	0	Gene - participates - GO-Gene-Sets-BP	GpC5-BP	4
1517616	189702	0.8	0.059562	5.2714e-06	0	0.11733	0	0	Gene - participates - GO-Gene-Sets-BP	GpC5-BP	4
1707318	189702	0.9	0.05938	0	0	0.1162	0	0	Gene - participates - GO-Gene-Sets-BP	GpC5-BP	4
1897020	189702	1	0.059085	0	0	0.11787	0	0	Gene - participates - GO-Gene-Sets-BP	GpC5-BP	4
1897024	4	1	0.059082	0	0	0	0	0	Gene - participates - GO-Gene-Sets-BP	GpC5-BP	4
29943	29944	0.1	0.43101	0	0	0.12453	0	0	Gene - participates - GO-Gene-Sets-CC	GpC5-CC	4
59886	29943	0.2	0.20856	0	0	0.12484	0	0	Gene - participates - GO-Gene-Sets-CC	GpC5-CC	4
89829	29943	0.3	0.12266	0	0	0.12043	0	0	Gene - participates - GO-Gene-Sets-CC	GpC5-CC	4
119772	29943	0.4	0.087916	0.00010019	0	0.12721	0	0	Gene - participates - GO-Gene-Sets-CC	GpC5-CC	4
149715	29943	0.49999	0.075626	0	0	0.12577	0	0	Gene - participates - GO-Gene-Sets-CC	GpC5-CC	4
179658	29943	0.59999	0.069464	6.6794e-05	0	0.12363	0	0	Gene - participates - GO-Gene-Sets-CC	GpC5-CC	4
209601	29943	0.69999	0.066392	3.3397e-05	0	0.12474	0	0	Gene - participates - GO-Gene-Sets-CC	GpC5-CC	4
239544	29943	0.79999	0.065306	3.3397e-05	0	0.12634	0	0	Gene - participates - GO-Gene-Sets-CC	GpC5-CC	4
269487	29943	0.89999	0.067177	3.3397e-05	0	0.12714	0	0	Gene - participates - GO-Gene-Sets-CC	GpC5-CC	4
299430	29943	0.99999	0.066993	0	0	0.12561	0	0	Gene - participates - GO-Gene-Sets-CC	GpC5-CC	4
299434	4	1	0.066993	0	0	0	0	0	Gene - participates - GO-Gene-Sets-CC	GpC5-CC	4
33781	33782	0.1	0.40361	0	0	0.073678	0	0	Gene - participates - GO-Gene-Sets-MF	GpC5-MF	4
67562	33781	0.2	0.17754	2.9602e-05	0	0.075338	0	0	Gene - participates - GO-Gene-Sets-MF	GpC5-MF	4
101343	33781	0.3	0.094373	2.9602e-05	0	0.077884	0	0	Gene - participates - GO-Gene-Sets-MF	GpC5-MF	4
135124	33781	0.4	0.061691	0	0	0.07741	0	0	Gene - participates - GO-Gene-Sets-MF	GpC5-MF	4
168905	33781	0.5	0.048311	0	0	0.078269	0	0	Gene - participates - GO-Gene-Sets-MF	GpC5-MF	4
202686	33781	0.6	0.043678	2.9602e-05	0	0.075249	0	0	Gene - participates - GO-Gene-Sets-MF	GpC5-MF	4
236467	33781	0.7	0.04322	5.9205e-05	0	0.077884	0	0	Gene - participates - GO-Gene-Sets-MF	GpC5-MF	4
270248	33781	0.8	0.042169	0	0	0.078831	0	0	Gene - participates - GO-Gene-Sets-MF	GpC5-MF	4
304029	33781	0.9	0.041473	2.9602e-05	0	0.076789	0	0	Gene - participates - GO-Gene-Sets-MF	GpC5-MF	4
337809	33780	1	0.040289	0	0	0.077117	0	0	Gene - participates - GO-Gene-Sets-MF	GpC5-MF	4
443290	443291	0.1	0.38418	2.2559e-06	0	0.032972	0	0	Gene - participates - Immunologic-Gene-Sets	GpC7	4
886580	443290	0.2	0.1537	2.2559e-06	0	0.032405	0	0	Gene - participates - Immunologic-Gene-Sets	GpC7	4
1329870	443290	0.3	0.067355	2.2559e-06	0	0.032854	0	0	Gene - participates - Immunologic-Gene-Sets	GpC7	4
1773160	443290	0.4	0.035381	0	0	0.032103	0	0	Gene - participates - Immunologic-Gene-Sets	GpC7	4
2216450	443290	0.5	0.023709	0	0	0.032769	0	0	Gene - participates - Immunologic-Gene-Sets	GpC7	4
2659740	443290	0.6	0.019097	0	0	0.03264	0	0	Gene - participates - Immunologic-Gene-Sets	GpC7	4
3103030	443290	0.7	0.017561	0	0	0.032617	0	0	Gene - participates - Immunologic-Gene-Sets	GpC7	4
3546320	443290	0.8	0.017053	6.7676e-06	0	0.032351	0	0	Gene - participates - Immunologic-Gene-Sets	GpC7	4
3989610	443290	0.9	0.016742	0	0	0.033078	0	0	Gene - participates - Immunologic-Gene-Sets	GpC7	4
4432900	443290	1	0.016631	0	0	0.032615	0	0	Gene - participates - Immunologic-Gene-Sets	GpC7	4
4432904	4	1	0.016631	0	0	0	0	0	Gene - participates - Immunologic-Gene-Sets	GpC7	4
16287	16288	0.10001	0.44281	6.1395e-05	0	0.14606	0	0	Gene - participates - Motif-Gene-Sets-MIR	GpC3-MIR	4
32574	16287	0.20001	0.22021	0	0	0.14674	0	0	Gene - participates - Motif-Gene-Sets-MIR	GpC3-MIR	4
48861	16287	0.30001	0.13063	0	0	0.13925	0	0	Gene - participates - Motif-Gene-Sets-MIR	GpC3-MIR	4
65148	16287	0.40001	0.097869	0	0	0.14238	0	0	Gene - participates - Motif-Gene-Sets-MIR	GpC3-MIR	4
81435	16287	0.50001	0.08559	0	0	0.14091	0	0	Gene - participates - Motif-Gene-Sets-MIR	GpC3-MIR	4
97722	16287	0.60001	0.078222	0	0	0.14349	0	0	Gene - participates - Motif-Gene-Sets-MIR	GpC3-MIR	4
114009	16287	0.70001	0.076779	0.0001228	0	0.14159	0	0	Gene - participates - Motif-Gene-Sets-MIR	GpC3-MIR	4
130296	16287	0.80001	0.077547	0.0001228	0	0.14281	0	0	Gene - participates - Motif-Gene-Sets-MIR	GpC3-MIR	4
146583	16287	0.90001	0.076349	0	0	0.14441	0	0	Gene - participates - Motif-Gene-Sets-MIR	GpC3-MIR	4
162869	16286	1	0.078283	6.1402e-05	0	0.14172	0	0	Gene - participates - Motif-Gene-Sets-MIR	GpC3-MIR	4
64670	64671	0.1	0.42708	0	0	0.11537	0	0	Gene - participates - Motif-Gene-Sets-TFT	GpC3-TFT	4
129340	64670	0.2	0.20308	0	0	0.11758	0	0	Gene - participates - Motif-Gene-Sets-TFT	GpC3-TFT	4
194010	64670	0.3	0.11675	1.5463e-05	0	0.11956	0	0	Gene - participates - Motif-Gene-Sets-TFT	GpC3-TFT	4
258680	64670	0.4	0.082465	0	0	0.11899	0	0	Gene - participates - Motif-Gene-Sets-TFT	GpC3-TFT	4
323350	64670	0.5	0.070002	1.5463e-05	0	0.11766	0	0	Gene - participates - Motif-Gene-Sets-TFT	GpC3-TFT	4
388020	64670	0.6	0.064017	1.5463e-05	0	0.11733	0	0	Gene - participates - Motif-Gene-Sets-TFT	GpC3-TFT	4
452690	64670	0.7	0.062548	0	0	0.118	0	0	Gene - participates - Motif-Gene-Sets-TFT	GpC3-TFT	4
517360	64670	0.8	0.061574	1.5463e-05	0	0.11732	0	0	Gene - participates - Motif-Gene-Sets-TFT	GpC3-TFT	4
582030	64670	0.9	0.061659	1.5463e-05	0	0.11749	0	0	Gene - participates - Motif-Gene-Sets-TFT	GpC3-TFT	4
646699	64669	1	0.061242	1.5463e-05	0	0.11494	0	0	Gene - participates - Motif-Gene-Sets-TFT	GpC3-TFT	4
14618	14619	0.10001	0.39167	0	0	0.049867	0	0	Gene - participates - Oncogenic-Gene-Sets	GpC6	4
29236	14618	0.20001	0.16422	6.8409e-05	0	0.050075	0	0	Gene - participates - Oncogenic-Gene-Sets	GpC6	4
43854	14618	0.30001	0.07761	6.8409e-05	0	0.049118	0	0	Gene - participates - Oncogenic-Gene-Sets	GpC6	4
58472	14618	0.40001	0.04751	0	0	0.04727	0	0	Gene - participates - Oncogenic-Gene-Sets	GpC6	4
73090	14618	0.50001	0.03482	0	0	0.051512	0	0	Gene - participates - Oncogenic-Gene-Sets	GpC6	4
87708	14618	0.60001	0.028526	0	0	0.050075	0	0	Gene - participates - Oncogenic-Gene-Sets	GpC6	4
102326	14618	0.70001	0.027637	0.00013682	0	0.04946	0	0	Gene - participates - Oncogenic-Gene-Sets	GpC6	4
116944	14618	0.80001	0.027569	0	0	0.051101	0	0	Gene - participates - Oncogenic-Gene-Sets	GpC6	4
131562	14618	0.90001	0.02685	0.00013682	0	0.050965	0	0	Gene - participates - Oncogenic-Gene-Sets	GpC6	4
146179	14617	1	0.028492	0	0	0.049463	0	0	Gene - participates - Oncogenic-Gene-Sets	GpC6	4
8807	8808	0.10001	0.37769	0	0	0.0097639	0	0	Gene - participates - Positional-Gene-Sets	GpC1	4
17614	8807	0.2	0.14454	0	0	0.0063586	0	0	Gene - participates - Positional-Gene-Sets	GpC1	4
26421	8807	0.29999	0.056599	0	0	0.0082889	0	0	Gene - participates - Positional-Gene-Sets	GpC1	4
35228	8807	0.39999	0.026171	0	0	0.0081753	0	0	Gene - participates - Positional-Gene-Sets	GpC1	4
44035	8807	0.49998	0.016463	0.00011355	0	0.008516	0	0	Gene - participates - Positional-Gene-Sets	GpC1	4
52842	8807	0.59998	0.010275	0	0	0.006245	0	0	Gene - participates - Positional-Gene-Sets	GpC1	4
61649	8807	0.69997	0.0095941	0	0	0.0089701	0	0	Gene - participates - Positional-Gene-Sets	GpC1	4
70456	8807	0.79997	0.010219	0	0	0.0086295	0	0	Gene - participates - Positional-Gene-Sets	GpC1	4
79263	8807	0.89996	0.0090832	0.00011355	0	0.0079482	0	0	Gene - participates - Positional-Gene-Sets	GpC1	4
88070	8807	0.99995	0.0081181	0.00022709	0	0.0079482	0	0	Gene - participates - Positional-Gene-Sets	GpC1	4
88074	4	1	0.0081181	0	0	0	0	0	Gene - participates - Positional-Gene-Sets	GpC1	4
3606	3607	0.10001	0.41564	0	0	0.086221	0	0	Gene - participates - Cancer-Hallmarks	GpH	5
7212	3606	0.2	0.19091	0	0	0.083749	0	0	Gene - participates - Cancer-Hallmarks	GpH	5
10818	3606	0.29999	0.11244	0.00027732	0	0.092623	0	0	Gene - participates - Cancer-Hallmarks	GpH	5
14424	3606	0.39997	0.076667	0	0	0.084304	0	0	Gene - participates - Cancer-Hallmarks	GpH	5
18030	3606	0.49996	0.062803	0	0	0.089296	0	0	Gene - participates - Cancer-Hallmarks	GpH	5
21636	3606	0.59994	0.06419	0	0	0.089296	0	0	Gene - participates - Cancer-Hallmarks	GpH	5
25242	3606	0.69993	0.058367	0	0	0.089018	0	0	Gene - participates - Cancer-Hallmarks	GpH	5
28848	3606	0.79992	0.056703	0	0	0.088186	0	0	Gene - participates - Cancer-Hallmarks	GpH	5
32454	3606	0.8999	0.057396	0	0	0.088464	0	0	Gene - participates - Cancer-Hallmarks	GpH	5
36060	3606	0.99989	0.054346	0.00027732	0	0.094287	0	0	Gene - participates - Cancer-Hallmarks	GpH	5
36064	4	1	0.054346	0	0	0	0	0	Gene - participates - Cancer-Hallmarks	GpH	5
20522	20523	0.1	0.43663	0	0	0.13414	0	0	Gene - participates - Computational-Gene-Sets-CGN	GpC4-CGN	5
41044	20522	0.2	0.21414	0	0	0.13337	0	0	Gene - participates - Computational-Gene-Sets-CGN	GpC4-CGN	5
61566	20522	0.3	0.12747	0	0	0.13132	0	0	Gene - participates - Computational-Gene-Sets-CGN	GpC4-CGN	5
82088	20522	0.4	0.092048	0	0	0.1362	0	0	Gene - participates - Computational-Gene-Sets-CGN	GpC4-CGN	5
102610	20522	0.5	0.075894	0	0	0.12932	0	0	Gene - participates - Computational-Gene-Sets-CGN	GpC4-CGN	5
123132	20522	0.6	0.071094	0	0	0.13103	0	0	Gene - participates - Computational-Gene-Sets-CGN	GpC4-CGN	5
143654	20522	0.7	0.068829	0	0	0.13186	0	0	Gene - participates - Computational-Gene-Sets-CGN	GpC4-CGN	5
164176	20522	0.8	0.068829	0	0	0.13103	0	0	Gene - participates - Computational-Gene-Sets-CGN	GpC4-CGN	5
184698	20522	0.9	0.070778	4.8728e-05	0	0.13166	0	0	Gene - participates - Computational-Gene-Sets-CGN	GpC4-CGN	5
205219	20521	1	0.072288	4.8731e-05	0	0.13133	0	0	Gene - participates - Computational-Gene-Sets-CGN	GpC4-CGN	5
23528	23529	0.1	0.43456	0	0	0.12827	0	0	Gene - participates - Computational-Gene-Sets-CM	GpC4-CM	5
47056	23528	0.2	0.21183	4.2503e-05	0	0.12589	0	0	Gene - participates - Computational-Gene-Sets-CM	GpC4-CM	5
70584	23528	0.3	0.12419	0	0	0.13031	0	0	Gene - participates - Computational-Gene-Sets-CM	GpC4-CM	5
94112	23528	0.4	0.091655	0	0	0.13074	0	0	Gene - participates - Computational-Gene-Sets-CM	GpC4-CM	5
117640	23528	0.49999	0.079181	0	0	0.12968	0	0	Gene - participates - Computational-Gene-Sets-CM	GpC4-CM	5
141168	23528	0.59999	0.07323	0	0	0.13231	0	0	Gene - participates - Computational-Gene-Sets-CM	GpC4-CM	5
164696	23528	0.69999	0.070043	8.5005e-05	0	0.13159	0	0	Gene - participates - Computational-Gene-Sets-CM	GpC4-CM	5
188224	23528	0.79999	0.070978	0	0	0.13142	0	0	Gene - participates - Computational-Gene-Sets-CM	GpC4-CM	5
211752	23528	0.89999	0.06796	4.2503e-05	0	0.13172	0	0	Gene - participates - Computational-Gene-Sets-CM	GpC4-CM	5
235280	23528	0.99998	0.067663	4.2503e-05	0	0.13138	0	0	Gene - participates - Computational-Gene-Sets-CM	GpC4-CM	5
235284	4	1	0.067705	0	0	0	0	0	Gene - participates - Computational-Gene-Sets-CM	GpC4-CM	5
161253	161254	0.1	0.40194	0	0	0.066963	0	0	Gene - participates - Curated-Gene-Sets-CPG	GpC2-CPG	5
322506	161253	0.2	0.17389	6.2014e-06	0	0.06545	0	0	Gene - participates - Curated-Gene-Sets-CPG	GpC2-CPG	5
483759	161253	0.3	0.08686	6.2014e-06	0	0.065735	0	0	Gene - participates - Curated-Gene-Sets-CPG	GpC2-CPG	5
645012	161253	0.4	0.054123	0	0	0.066312	0	0	Gene - participates - Curated-Gene-Sets-CPG	GpC2-CPG	5
806265	161253	0.5	0.042052	0	0	0.065983	0	0	Gene - participates - Curated-Gene-Sets-CPG	GpC2-CPG	5
967518	161253	0.6	0.037227	0	0	0.067168	0	0	Gene - participates - Curated-Gene-Sets-CPG	GpC2-CPG	5
1128771	161253	0.7	0.035209	1.2403e-05	0	0.066126	0	0	Gene - participates - Curated-Gene-Sets-CPG	GpC2-CPG	5
1290024	161253	0.8	0.034244	0	0	0.066076	0	0	Gene - participates - Curated-Gene-Sets-CPG	GpC2-CPG	5
1451277	161253	0.9	0.03416	0	0	0.066473	0	0	Gene - participates - Curated-Gene-Sets-CPG	GpC2-CPG	5
1612530	161253	1	0.034343	6.2014e-06	0	0.066988	0	0	Gene - participates - Curated-Gene-Sets-CPG	GpC2-CPG	5
1612534	4	1	0.034343	0	0	0	0	0	Gene - participates - Curated-Gene-Sets-CPG	GpC2-CPG	5
17598	17599	0.1	0.43717	0	0	0.13273	0	0	Gene - participates - Curated-Gene-Sets-REACTOME	GpC2-CP-REACTOME	5
35196	17598	0.2	0.21431	5.6825e-05	0	0.13257	0	0	Gene - participates - Curated-Gene-Sets-REACTOME	GpC2-CP-REACTOME	5
52794	17598	0.3	0.12683	0	0	0.13524	0	0	Gene - participates - Curated-Gene-Sets-REACTOME	GpC2-CP-REACTOME	5
70392	17598	0.39999	0.091485	0	0	0.12859	0	0	Gene - participates - Curated-Gene-Sets-REACTOME	GpC2-CP-REACTOME	5
87990	17598	0.49999	0.075035	0	0	0.13581	0	0	Gene - participates - Curated-Gene-Sets-REACTOME	GpC2-CP-REACTOME	5
105588	17598	0.59999	0.069779	5.6825e-05	0	0.12916	0	0	Gene - participates - Curated-Gene-Sets-REACTOME	GpC2-CP-REACTOME	5
123186	17598	0.69999	0.065261	0	0	0.12854	0	0	Gene - participates - Curated-Gene-Sets-REACTOME	GpC2-CP-REACTOME	5
140784	17598	0.79998	0.066852	0	0	0.13331	0	0	Gene - participates - Curated-Gene-Sets-REACTOME	GpC2-CP-REACTOME	5
158382	17598	0.89998	0.067818	0	0	0.13513	0	0	Gene - participates - Curated-Gene-Sets-REACTOME	GpC2-CP-REACTOME	5
175980	17598	0.99998	0.067932	5.6825e-05	0	0.13166	0	0	Gene - participates - Curated-Gene-Sets-REACTOME	GpC2-CP-REACTOME	5
175984	4	1	0.06796	0	0	0	0	0	Gene - participates - Curated-Gene-Sets-REACTOME	GpC2-CP-REACTOME	5
189702	189703	0.1	0.42829	5.2714e-06	0	0.11805	0	0	Gene - participates - GO-Gene-Sets-BP	GpC5-BP	5
379404	189702	0.2	0.20419	5.2714e-06	0	0.1183	0	0	Gene - participates - GO-Gene-Sets-BP	GpC5-BP	5
569106	189702	0.3	0.11549	0	0	0.11794	0	0	Gene - participates - GO-Gene-Sets-BP	GpC5-BP	5
758808	189702	0.4	0.08095	0	0	0.11675	0	0	Gene - participates - GO-Gene-Sets-BP	GpC5-BP	5
948510	189702	0.5	0.067279	0	0	0.11823	0	0	Gene - participates - GO-Gene-Sets-BP	GpC5-BP	5
1138212	189702	0.6	0.062095	0	0	0.11743	0	0	Gene - participates - GO-Gene-Sets-BP	GpC5-BP	5
1327914	189702	0.7	0.060366	0	0	0.11731	0	0	Gene - participates - GO-Gene-Sets-BP	GpC5-BP	5
1517616	189702	0.8	0.059517	0	0	0.11778	0	0	Gene - participates - GO-Gene-Sets-BP	GpC5-BP	5
1707318	189702	0.9	0.058639	0	0	0.11818	0	0	Gene - participates - GO-Gene-Sets-BP	GpC5-BP	5
1897020	189702	1	0.059261	5.2714e-06	0	0.11739	0	0	Gene - participates - GO-Gene-Sets-BP	GpC5-BP	5
1897024	4	1	0.059261	0	0	0.25	0	0	Gene - participates - GO-Gene-Sets-BP	GpC5-BP	5
29943	29944	0.1	0.43064	0	0	0.12547	0	0	Gene - participates - GO-Gene-Sets-CC	GpC5-CC	5
59886	29943	0.2	0.21145	3.3397e-05	0	0.1253	0	0	Gene - participates - GO-Gene-Sets-CC	GpC5-CC	5
89829	29943	0.3	0.1238	6.6794e-05	0	0.12707	0	0	Gene - participates - GO-Gene-Sets-CC	GpC5-CC	5
119772	29943	0.4	0.088617	0	0	0.13058	0	0	Gene - participates - GO-Gene-Sets-CC	GpC5-CC	5
149715	29943	0.49999	0.076594	0	0	0.12487	0	0	Gene - participates - GO-Gene-Sets-CC	GpC5-CC	5
179658	29943	0.59999	0.07065	3.3397e-05	0	0.12754	0	0	Gene - participates - GO-Gene-Sets-CC	GpC5-CC	5
209601	29943	0.69999	0.068713	3.3397e-05	0	0.13005	0	0	Gene - participates - GO-Gene-Sets-CC	GpC5-CC	5
239544	29943	0.79999	0.066074	0	0	0.12681	0	0	Gene - participates - GO-Gene-Sets-CC	GpC5-CC	5
269487	29943	0.89999	0.065306	0	0	0.12597	0	0	Gene - participates - GO-Gene-Sets-CC	GpC5-CC	5
299430	29943	0.99999	0.065407	3.3397e-05	0	0.12287	0	0	Gene - participates - GO-Gene-Sets-CC	GpC5-CC	5
299434	4	1	0.06539	0	0	0	0	0	Gene - participates - GO-Gene-Sets-CC	GpC5-CC	5
33781	33782	0.1	0.40794	0	0	0.076283	0	0	Gene - participates - GO-Gene-Sets-MF	GpC5-MF	5
67562	33781	0.2	0.17969	0	0	0.074213	0	0	Gene - participates - GO-Gene-Sets-MF	GpC5-MF	5
101343	33781	0.3	0.094624	0	0	0.07892	0	0	Gene - participates - GO-Gene-Sets-MF	GpC5-MF	5
135124	33781	0.4	0.060285	0	0	0.075575	0	0	Gene - participates - GO-Gene-Sets-MF	GpC5-MF	5
168905	33781	0.5	0.048844	5.9205e-05	0	0.07445	0	0	Gene - participates - GO-Gene-Sets-MF	GpC5-MF	5
202686	33781	0.6	0.043353	0	0	0.078358	0	0	Gene - participates - GO-Gene-Sets-MF	GpC5-MF	5
236467	33781	0.7	0.041355	0	0	0.077706	0	0	Gene - participates - GO-Gene-Sets-MF	GpC5-MF	5
270248	33781	0.8	0.041651	0	0	0.080015	0	0	Gene - participates - GO-Gene-Sets-MF	GpC5-MF	5
304029	33781	0.9	0.040467	0	0	0.076197	0	0	Gene - participates - GO-Gene-Sets-MF	GpC5-MF	5
337809	33780	1	0.041281	0	0	0.077709	0	0	Gene - participates - GO-Gene-Sets-MF	GpC5-MF	5
443290	443291	0.1	0.38396	0	0	0.032362	0	0	Gene - participates - Immunologic-Gene-Sets	GpC7	5
886580	443290	0.2	0.15355	0	0	0.032931	0	0	Gene - participates - Immunologic-Gene-Sets	GpC7	5
1329870	443290	0.3	0.067857	0	0	0.032933	0	0	Gene - participates - Immunologic-Gene-Sets	GpC7	5
1773160	443290	0.4	0.035843	2.2559e-06	0	0.032586	0	0	Gene - participates - Immunologic-Gene-Sets	GpC7	5
2216450	443290	0.5	0.02356	0	0	0.032784	0	0	Gene - participates - Immunologic-Gene-Sets	GpC7	5
2659740	443290	0.6	0.019194	2.2559e-06	0	0.032721	0	0	Gene - participates - Immunologic-Gene-Sets	GpC7	5
3103030	443290	0.7	0.017543	0	0	0.032636	0	0	Gene - participates - Immunologic-Gene-Sets	GpC7	5
3546320	443290	0.8	0.017006	0	0	0.032611	0	0	Gene - participates - Immunologic-Gene-Sets	GpC7	5
3989610	443290	0.9	0.016645	2.2559e-06	0	0.032778	0	0	Gene - participates - Immunologic-Gene-Sets	GpC7	5
4432900	443290	1	0.01654	0	0	0.032945	0	0	Gene - participates - Immunologic-Gene-Sets	GpC7	5
4432904	4	1	0.01654	0	0	0	0	0	Gene - participates - Immunologic-Gene-Sets	GpC7	5
16287	16288	0.10001	0.441	0	0	0.1425	0	0	Gene - participates - Motif-Gene-Sets-MIR	GpC3-MIR	5
32574	16287	0.20001	0.22097	0	0	0.14349	0	0	Gene - participates - Motif-Gene-Sets-MIR	GpC3-MIR	5
48861	16287	0.30001	0.13302	0.0001228	0	0.14097	0	0	Gene - participates - Motif-Gene-Sets-MIR	GpC3-MIR	5
65148	16287	0.40001	0.09965	0	0	0.14183	0	0	Gene - participates - Motif-Gene-Sets-MIR	GpC3-MIR	5
81435	16287	0.50001	0.084055	0	0	0.14435	0	0	Gene - participates - Motif-Gene-Sets-MIR	GpC3-MIR	5
97722	16287	0.60001	0.077485	6.1399e-05	0	0.14318	0	0	Gene - participates - Motif-Gene-Sets-MIR	GpC3-MIR	5
114009	16287	0.70001	0.076595	6.1399e-05	0	0.14244	0	0	Gene - participates - Motif-Gene-Sets-MIR	GpC3-MIR	5
130296	16287	0.80001	0.075398	0	0	0.14515	0	0	Gene - participates - Motif-Gene-Sets-MIR	GpC3-MIR	5
146583	16287	0.90001	0.077301	0.0001228	0	0.14711	0	0	Gene - participates - Motif-Gene-Sets-MIR	GpC3-MIR	5
162869	16286	1	0.076718	6.1402e-05	0	0.13994	0	0	Gene - participates - Motif-Gene-Sets-MIR	GpC3-MIR	5
64670	64671	0.1	0.42732	1.5463e-05	0	0.11699	0	0	Gene - participates - Motif-Gene-Sets-TFT	GpC3-TFT	5
129340	64670	0.2	0.20489	3.0926e-05	0	0.11775	0	0	Gene - participates - Motif-Gene-Sets-TFT	GpC3-TFT	5
194010	64670	0.3	0.11675	0	0	0.11625	0	0	Gene - participates - Motif-Gene-Sets-TFT	GpC3-TFT	5
258680	64670	0.4	0.081869	0	0	0.11642	0	0	Gene - participates - Motif-Gene-Sets-TFT	GpC3-TFT	5
323350	64670	0.5	0.069128	0	0	0.11604	0	0	Gene - participates - Motif-Gene-Sets-TFT	GpC3-TFT	5
388020	64670	0.6	0.064041	1.5463e-05	0	0.11557	0	0	Gene - participates - Motif-Gene-Sets-TFT	GpC3-TFT	5
452690	64670	0.7	0.062309	0	0	0.11707	0	0	Gene - participates - Motif-Gene-Sets-TFT	GpC3-TFT	5
517360	64670	0.8	0.060708	1.5463e-05	0	0.11518	0	0	Gene - participates - Motif-Gene-Sets-TFT	GpC3-TFT	5
582030	64670	0.9	0.061327	1.5463e-05	0	0.11577	0	0	Gene - participates - Motif-Gene-Sets-TFT	GpC3-TFT	5
646699	64669	1	0.06077	0	0	0.11754	0	0	Gene - participates - Motif-Gene-Sets-TFT	GpC3-TFT	5
14618	14619	0.10001	0.39366	0	0	0.050003	0	0	Gene - participates - Oncogenic-Gene-Sets	GpC6	5
29236	14618	0.20001	0.16514	0	0	0.048775	0	0	Gene - participates - Oncogenic-Gene-Sets	GpC6	5
43854	14618	0.30001	0.078944	6.8409e-05	0	0.044808	0	0	Gene - participates - Oncogenic-Gene-Sets	GpC6	5
58472	14618	0.40001	0.047647	0	0	0.048228	0	0	Gene - participates - Oncogenic-Gene-Sets	GpC6	5
73090	14618	0.50001	0.034136	6.8409e-05	0	0.051238	0	0	Gene - participates - Oncogenic-Gene-Sets	GpC6	5
87708	14618	0.60001	0.029518	0	0	0.048844	0	0	Gene - participates - Oncogenic-Gene-Sets	GpC6	5
102326	14618	0.70001	0.02986	6.8409e-05	0	0.050554	0	0	Gene - participates - Oncogenic-Gene-Sets	GpC6	5
116944	14618	0.80001	0.029929	0	0	0.050759	0	0	Gene - participates - Oncogenic-Gene-Sets	GpC6	5
131562	14618	0.90001	0.029518	0.00013682	0	0.051033	0	0	Gene - participates - Oncogenic-Gene-Sets	GpC6	5
146179	14617	1	0.027603	0.00013683	0	0.048095	0	0	Gene - participates - Oncogenic-Gene-Sets	GpC6	5
8807	8808	0.10001	0.37383	0	0	0.0087421	0	0	Gene - participates - Positional-Gene-Sets	GpC1	5
17614	8807	0.2	0.1455	0.00011355	0	0.0093108	0	0	Gene - participates - Positional-Gene-Sets	GpC1	5
26421	8807	0.29999	0.060573	0.00011355	0	0.007494	0	0	Gene - participates - Positional-Gene-Sets	GpC1	5
35228	8807	0.39999	0.028328	0	0	0.0086295	0	0	Gene - participates - Positional-Gene-Sets	GpC1	5
44035	8807	0.49998	0.014022	0.00011355	0	0.0077211	0	0	Gene - participates - Positional-Gene-Sets	GpC1	5
52842	8807	0.59998	0.0099347	0	0	0.008743	0	0	Gene - participates - Positional-Gene-Sets	GpC1	5
61649	8807	0.69997	0.0089696	0.00011355	0	0.0081753	0	0	Gene - participates - Positional-Gene-Sets	GpC1	5
70456	8807	0.79997	0.0087993	0	0	0.008743	0	0	Gene - participates - Positional-Gene-Sets	GpC1	5
79263	8807	0.89996	0.0083452	0	0	0.0078347	0	0	Gene - participates - Positional-Gene-Sets	GpC1	5
88070	8807	0.99995	0.0087425	0.00011355	0	0.0068128	0	0	Gene - participates - Positional-Gene-Sets	GpC1	5
88074	4	1	0.0087425	0	0	0	0	0	Gene - participates - Positional-Gene-Sets	GpC1	5
