	vae_12	Cell Line	MYCN status	1p36 del	3p26 del	11q23 del	17q21-qter unbal gain	ALK mutation	p53 mutation
0	27.227119393324248	CHP134	Amplified	LOH p32.3-pter; Gain p34.3-p36.22; Loss p36.22-pter	Gain/AI p26.3	None	Gain q12-qter	WT	WT
1	25.432602867502077	CHP212	Amplified	Loss p13.2-pter	Gain/AI p26.3	cnLOH 23.3	Gain q12-qter	WT	WT
2	22.036501962581735	COGN415	Amplified	Unknown	Unknown	Unknown	Unknown	F1174L	WT
3	24.639279662525013	COGN440	Amplified	Unknown	Unknown	Unknown	Unknown	WT	WT
4	23.804500838416345	COGN453	Amplified	Unknown	Unknown	Unknown	Unknown	F1174L	WT
5	26.219060479966426	COGN496	Amplified	Unknown	Unknown	Unknown	Unknown	Unknown	Unknown
6	17.567693555900497	COGN519	Amplified	Unknown	Unknown	Unknown	Unknown	Unknown	Unknown
7	32.94489899947547	COGN534	Non-amplified	Unknown	Unknown	Unknown	Unknown	Unknown	Unknown
8	23.473877376687746	COGN549	Non-amplified	Unknown	Unknown	Unknown	Unknown	Unknown	Unknown
9	22.11916058614073	COGN561	Amplified	Unknown	Unknown	Unknown	Unknown	Unknown	Unknown
10	10.27149480993586	COGN573	Amplified	Unknown	Unknown	Unknown	Unknown	Unknown	Unknown
11	9.64923111996093	IMR32	Amplified	Loss p32.3-pter	Loss p12.3	cnLOH q23.1	Gain q21.2-qter	WT	WT
12	28.177373883453203	KELLY	Amplified	LOH p21.3-pter; Loss p36.32; Gain p36.33	Loss p26.2	Loss q23.3-qter	Gain q21.2-qter	F1174L	P177T
13	22.919224892958464	LAN5	Amplified	Loss p33-pter	None	None	Gain q21.2-qter	R1275Q	WT
14	32.79646053294078	LAN6	Non-amplified	p36.12-pter; cnLOH p35.3-p36.11	Loss p14.3-pter	Loss q13.4-qter	Gain q12-qter	WT	WT
15	27.16328667786046	NB1	Amplified	Loss p32.2-pter	Gain p24.1-pter	cnLOH q23.1	Gain q22-qter	WT; amplified	WT
16	31.13036733364914	NB69	Non-amplified	Loss p13.3-pter	None	cnLOH q23.1, q23.3	Gain q12-qter	WT	WT
17	31.23608060268707	NBLS	Non-amplified	None	None	Loss q14.1-qter	None	WT	WT
18	17.453376372392693	NBSD	Amplified	Loss p21.3-pter	Loss p13-pter	cnLOH q23.2-23.3	Gain q12-qter	F1174L	C176F
19	29.23754823972913	NGP	Amplified	cnLOH p32.3-pter	Gain p25.3-pter	Loss q22.1-qter	Gain q21.1-qter	WT	A159D, C141W
20	23.6441020345753	NLF	Amplified	Loss p32.2-pter	Loss/AI p26.1; AI p26.2; Gain 26.3	Loss/AI q23.3-qter	Gain q21.2-qter	WT	V203M
21	14.277068368719439	NMB	Amplified	cnLOH p34.2-pter	None	Loss q21-qter	LOH/Gain q11.2-qter	WT	G245S
22	25.081950087138047	RPE1	Non-amplified	Unknown	Unknown	Unknown	Unknown	WT	WT
23	28.739342668741912	SHSY5Y	Non-amplified	None	None	Loss q22.1-q24.2	Gain q21.31-qter	F1174L	WT
24	20.442416626932822	SKNAS	Non-amplified	Loss p36.22-36.32	Loss p14.2-pter	q13.4-qter	Gain q21.31-qter	WT	H168R
25	27.296943374351514	SKNDZ	Amplified	None	Gain/AI p26.1-pter	Loss q21-qter	Gain q21.2-qter	WT	R110L
26	33.18715668096934	SKNFI	Non-amplified	None	None	None	Gain q21.31-qter	WT	M246R
27	27.57620002570245	SKNSH	Non-amplified	None	None	None	Gain q21.31-qter	F1174L	WT
28	23.404553284183102	SMSKAN	Amplified	Loss p13.3-pter	None	Loss q14.2-q23.3	Gain q11.1-qter	WT	WT
29	29.160519298774254	SMSSAN	Amplified	Loss p32.3-pter	None	Loss q25	Gain q21.2-qter	F1174L	WT
